"","Sample.Name","Btub_cov","cyp51_cov","cytB_cov","erg2_cov","erg24_cov","mit_cov","sdhB_cov","sdhC_cov","sdhD_cov","average.genome.wide.coverage","ratio_Btub","ratio_cyp51","ratio_erg2","ratio_erg24","ratio_sdhB","ratio_sdhC","ratio_sdhD","ratio_cytB"
"1","94202",28.3794,58.3178,4843.43,22.4548,28.8601,3691.42,27.9329,30.3896,25.1054,27.14,1.04566691230656,2.14877671333825,0.827369196757553,1.06337877671334,1.02921518054532,1.11973470891673,0.925033161385409,1.31207773702261
"2","96224",42.8155,74.5505,4515.6,42.8065,39.9803,3853.25,36.5174,36.9673,42.0115,38.53,1.11122501946535,1.93486893329873,1.11099143524526,1.03764079937711,0.947765377627823,0.959441993252011,1.0903581624708,1.17189385583598
"3","CHE_07224",23.6705,134.841,3468.04,31.4711,26.5368,2736.77,29.4282,26.1594,20.2125,29.15,0.812024013722127,4.62576329331046,1.07962607204117,0.910353344768439,1.00954373927959,0.897406518010292,0.693396226415094,1.26720184743329
"4","CHE_07227",40.2741,147.079,5928.05,45.0917,41.2838,5041.4,41.2801,36.2698,31.2043,40.15,1.00309090909091,3.66323785803238,1.12308094645081,1.02823910336239,1.02814694894147,0.903357409713574,0.77719302615193,1.17587376522395
"5","CHE_07230",21.6979,91.3904,4569.72,22.7312,20.8325,3242.36,21.7847,23.2153,21.0956,22.77,0.952916117698726,4.01363197189284,0.998296003513395,0.914909969257795,0.956728151075977,1.01955643390426,0.926464646464647,1.40938082137702
"6","CHE_07234",24.2071,98.9462,5511.55,26.294,27.3095,4058.84,25.2789,26.0531,22.5684,25.28,0.957559335443038,3.91401107594937,1.04011075949367,1.08028085443038,0.999956487341772,1.03058148734177,0.892737341772152,1.35791260557204
"7","CHE_07298",29.9976,134.095,4172.85,38.593,35.0598,3214.21,39.4282,34.5872,29.8946,34.55,0.868237337192475,3.88118668596237,1.11701881331404,1.01475542691751,1.14119247467438,1.00107670043415,0.865256150506512,1.29825058101369
"8","CHE_10001",24.0347,78.8128,3640.71,23.3317,27.138,2684.75,22.6574,24.5409,22.2784,24.2,0.993169421487603,3.25672727272727,0.964119834710744,1.12140495867769,0.936256198347107,1.0140867768595,0.920595041322314,1.35607039761617
"9","CHE_7004",40.4568,111.305,5206.64,37.8467,41.3213,3650.51,26.0127,39.3815,35.7776,37.53,1.07798561151079,2.96576072475353,1.00843858246736,1.1010205169198,0.693117505995204,1.04933386624034,0.953306687982947,1.42627742425031
"10","CHE_96229",30.0981,87.2522,5587.45,31.3807,30.8574,4279.96,30.1308,28.8842,22.3344,30.47,0.987794552018379,2.86354446997046,1.02988841483426,1.01271414506072,0.988867738759436,0.947955365933705,0.732996389891697,1.3054911728147
"11","CHE_96249",32.4781,98.8045,5093.77,41.6671,36.9422,3940.69,33.5891,32.361,33.9555,34.79,0.933546996263294,2.84002586950273,1.19767461914343,1.06186260419661,0.96548146018971,0.930181086519115,0.976013222190285,1.29260865482948
"12","CHE_97223",24.1096,74.3231,4440.9,25.0113,24.7878,3394.68,26.3021,25.5858,18.7183,23.65,1.0194334038055,3.14262579281184,1.05756025369979,1.04810993657505,1.11213953488372,1.08185200845666,0.791471458773784,1.30819399766694
"13","CHE_97266",41.5865,161.276,6082.83,45.5239,43.2582,4715.38,41.1956,41.936,33.1549,43.96,0.946007734303913,3.66869881710646,1.03557552320291,0.984035486806187,0.937115559599636,0.953958143767061,0.754206096451319,1.28999783686575
"14","CHE_98013",21.9854,113.713,4764.67,24.6935,25.5894,3557.15,24.7361,19.7153,18.8303,23.32,0.942770154373928,4.87620068610635,1.05889794168096,1.09731560891938,1.06072469982847,0.845424528301887,0.807474271012007,1.33946277216311
"15","CHE_98230",20.0981,91.1069,5766.42,24.6658,25.6176,4164.98,23.5312,22.9496,17.3064,23.07,0.871179020372778,3.9491504117902,1.06917208495882,1.11042912873862,1.01999133073255,0.994781100996966,0.750169050715215,1.38450124610442
"16","CHE_98250",37.9458,150.458,6458.49,38.6068,37.9783,5077.74,36.3275,46.5831,31.7315,39.8,0.953412060301508,3.78035175879397,0.970020100502513,0.95422864321608,0.912751256281407,1.17042964824121,0.797273869346734,1.27192215434426
"17","CHNY072301",21.8563,59.2008,2249.88,16.5013,21.3259,1665.44,18.3414,15.5504,20.2471,20.61,1.06047064531781,2.8724308588064,0.80064531780689,1.03473556525958,0.889927219796215,0.754507520621058,0.98239204269772,1.35092227879719
"18","CHST042201",36.2625,124.316,2712.91,29.9008,33.6465,2075.02,40.3125,33.8488,34.3262,35.15,1.03165007112376,3.53672830725462,0.850662873399716,0.957226173541963,1.14687055476529,0.962981507823613,0.976563300142248,1.30741390444429
"19","CHTG062201",36.0773,120.138,3268.34,29.8178,38.2254,2482.69,46.9641,32.049,31.8303,36.52,0.987877875136911,3.28964950711939,0.816478641840088,1.04669769989047,1.2859830230011,0.877573932092004,0.871585432639649,1.31645110746811
"20","CHVD042201",70.5268,254.003,9100.22,71.3492,70.1728,6741.26,67.3681,72.9986,60.6969,68.22,1.03381413075344,3.72329228965113,1.04586924655526,1.02862503664614,0.987512459689241,1.07004690706538,0.889722955145119,1.34992864835357
"21","CHZR022201",83.3289,238.696,10375.8,83.0716,86.7648,7818.7,87.1308,88.8202,66.9687,83.51,0.997831397437433,2.85829242006945,0.99475032930188,1.03897497305712,1.04335768171476,1.06358759430008,0.801924320440666,1.32704925371225
"22","CHZR042202",42.7844,191.54,3124.48,33.8078,39.5506,2290.12,34.9062,37.158,38.2405,37.66,1.13607010090281,5.08603292618163,0.897711099309612,1.05020180562932,0.926877323420074,0.986670207116304,1.01541423260754,1.3643302534365
"23","CHZR042301",21.2546,97.1347,2640.74,23.7437,19.659,1961.33,19.5463,21.1798,20.598,21.47,0.989967396367024,4.52420586865394,1.1059012575687,0.915649743828598,0.910400558919422,0.986483465300419,0.959385188635305,1.34640269612967
"24","CHZR042302",22.8672,55.5836,2255.63,18.0075,19.5112,1686.66,21.7836,18.3856,21.1549,20.74,1.10256509161041,2.68001928640309,0.868249758919961,0.940752169720347,1.05031822565092,0.886480231436837,1.02000482160077,1.33733532543607
"25","CHZR052205",44.7862,162.609,5163.73,43.5088,52.0565,3869.24,43.9132,46.5054,38.6293,43.05,1.04032984901278,3.77721254355401,1.01065737514518,1.20921022067364,1.02005110336818,1.08026480836237,0.897312427409989,1.33455924160817
"26","CHZR062208",45.7546,191.879,4788.13,46.5389,43.7011,3597.84,50.3565,37.4782,38.5404,39.67,1.15338038820267,4.83687925384421,1.17315099571465,1.10161583060247,1.2693849256365,0.944749180741114,0.971525081925888,1.33083461187824
"27","CZKA042201",35.5871,66.6799,3854.86,37.9774,33.9363,2697.54,35.787,31.361,38.9275,36.9,0.964420054200542,1.8070433604336,1.02919783197832,0.919682926829268,0.969837398373984,0.849891598915989,1.05494579945799,1.42902792915026
"28","CZKA042204",33.8685,87.5375,2525.34,29.3656,35.3265,1760.17,36.2326,32.6199,31.084,34.83,0.972394487510767,2.51327878265863,0.843112259546368,1.01425495262705,1.04026988228539,0.936546080964686,0.892449038185472,1.43471369242744
"29","CZKA042205",45.6431,152.113,2483.72,39.4535,42.6767,1750.53,49.919,43.9619,41.8105,38.63,1.18154543101217,3.93769091379757,1.02131762878592,1.10475537147295,1.29223401501424,1.13802485115195,1.08233238415739,1.41883886594346
"30","CZKA052301",21.9799,82.7466,2480.17,15.9309,20.3022,1774.07,21.9062,21.3733,22.5783,21.92,1.00273266423358,3.77493613138686,0.726774635036496,0.926195255474452,0.999370437956204,0.975059306569343,1.03003193430657,1.39801135242691
"31","CZKA052302",22.9629,75.0189,1742.81,19.5163,22.931,1247.71,18.5845,21.1362,19.0577,20.89,1.09922929631403,3.59113930110101,0.934241263762566,1.09770224988033,0.889636189564385,1.01178554332216,0.912288176160842,1.39680695033301
"32","CZPR052201",30.0414,62.5298,4019.93,32.6997,28.9665,2888.6,30.7697,29.3856,27.4185,30.57,0.982708537782139,2.04546287209683,1.06966633954858,0.947546614327772,1.00653254824992,0.961256133464181,0.896908734052993,1.39165339610884
"33","CZPR052202",37.8922,107.226,4997.32,32.3103,36.2378,3723.3,41.8229,37.9155,38.0956,35.69,1.06170355841973,3.00437097226114,0.905304006724573,1.0153488372093,1.17183804987391,1.0623564023536,1.06740263379098,1.34217495232724
"34","CZPR052203",40.6955,142.708,3848.09,35.8342,41.293,2793.71,47.0544,35.2193,38.7924,39.35,1.03419313850064,3.62663278271919,0.910653113087675,1.04937738246506,1.195791613723,0.89502668360864,0.985829733163914,1.37741211507279
"35","CZPR052204",40.9044,76.3656,4072.78,37.4359,39.3837,2903.13,48.1933,38.1689,36.9901,39.75,1.02904150943396,1.92114716981132,0.941783647798742,0.990784905660377,1.21241006289308,0.960223899371069,0.930568553459119,1.40289273990486
"36","CZPR052205",32.553,162.604,2538.48,33.5251,32.6859,1866.71,33.2986,33.1253,33.4366,32.15,1.01253499222395,5.05766718506999,1.04277138413686,1.01666874027994,1.03572628304821,1.03033592534992,1.04001866251944,1.35986843162569
"37","CZUH042202",43.5926,81.0319,3474.88,40.3342,43.6715,2683.02,50.7546,44.1866,35.5173,42.6,1.02330046948357,1.90215727699531,0.94681220657277,1.02515258215962,1.19142253521127,1.0372441314554,0.833739436619718,1.29513756885897
"38","CZUH042203",34.2132,148.015,1961.9,34.559,33.7727,1441.59,37.5174,40.9959,40.7776,35.89,0.953279465032042,4.1241292839231,0.962914460852605,0.941005851212037,1.04534410699359,1.14226525494567,1.13618278071886,1.36092786437198
"39","CZUH042204",31.5371,107.552,3334.77,34.201,28.7865,2338.22,36.7326,32.8283,28.7002,31.92,0.988004385964912,3.36942355889724,1.07145989974937,0.901832706766917,1.15077067669173,1.02845551378446,0.899129072681704,1.42620027200178
"40","CZUH042205",41.8648,173.108,1918.25,41.0854,43.3101,1619.14,47.3576,46.2466,40.0379,40.47,1.03446503582901,4.27744007907092,1.01520632567334,1.07017790956264,1.17019026439338,1.14273783049172,0.989322955275513,1.18473387106736
"41","CZUH042206",38.821,66.9374,3556.96,31.3116,35.9954,2866.35,46.4051,34.891,36.888,37.59,1.03274807129556,1.78072359670125,0.832976855546688,0.957579143389199,1.23450651769088,0.928198989092844,0.981324820430966,1.24093708025887
"42","CZUH052301",22.0286,60.6421,2201.21,20.1131,18.9586,1600.41,20.7211,22.7411,21.5124,22.26,0.989604672057502,2.7242632524708,0.903553459119497,0.851689128481581,0.930867026055705,1.02161275831087,0.966415094339623,1.37540380277554
"43","CZUH052302",26.9921,44.0797,2300.42,22.6847,24.5013,1742.44,25.6551,25.9918,22.0231,24.04,1.12279950083195,1.83359816971714,0.9436231281198,1.01918885191348,1.06718386023295,1.08118968386023,0.916102329450915,1.32022910401506
"44","DEBD052307",18.567,76.5092,1684.47,21.3141,20.3633,1383.26,22.015,21.0899,26.4811,20.63,0.9,3.70863790596219,1.0331604459525,0.987072224915172,1.06713523994183,1.02229277750848,1.28362094037809,1.21775371224499
"45","DEBD052318",24.9147,100.107,2127.05,19.9497,24.0164,1581.56,26.9028,19.0572,19.8929,22.35,1.11475167785235,4.47906040268456,0.892604026845638,1.07455928411633,1.20370469798658,0.852671140939597,0.890062639821029,1.34490629505046
"46","DEBE032202",34.092,159.276,3712.62,33.6294,37.8798,2708.27,35.7847,31.9305,33.0247,36.55,0.932749658002736,4.35775649794802,0.920093023255814,1.0363830369357,0.979061559507524,0.873611491108071,0.903548563611491,1.37084559515853
"47","DEBE032203",29.1845,77.5275,1979.18,27.951,27.7089,1536.62,32.7894,31.891,28.7331,28.73,1.01581970066133,2.69848590323703,0.972885485555169,0.964458753915768,1.1412948137835,1.1100243647755,1.00010790114863,1.28800874646952
"48","DEBE052301",56.9434,142.875,4139.52,57.5465,53.4704,3047.09,58.9421,47.9796,55.3213,54.08,1.0529474852071,2.64191937869822,1.06409948224852,0.988727810650888,1.08990569526627,0.88719674556213,1.02295303254438,1.35851582985734
"49","DEBE052302",18.1742,65.3798,2404.5,24.5415,22.2365,1830.16,18.5116,24.0109,16.6919,23.01,0.789839200347675,2.84136462407649,1.06655801825293,0.96638418079096,0.804502390265102,1.04349847892221,0.72541938287701,1.31381955676006
"50","DECO042201",32.7022,128.435,3183.74,34.1935,35.8541,2430.17,35.6354,27.5981,32.4514,35.21,0.928775915932973,3.6476853166714,0.971130360692985,1.01829309855155,1.01208179494462,0.783814257313263,0.921652939505822,1.31008941761276
"51","DECO042202",28.039,58.8825,2857.34,30.9636,29.8909,2206.49,34.6586,25.8787,28.2652,29.84,0.939644772117962,1.97327412868633,1.03765415549598,1.00170576407507,1.16148123324397,0.867248659517426,0.947225201072386,1.294970745392
"52","DECO042203",30.26,79.6627,2676.66,25.4824,33.2786,1876.96,33.1956,31.4237,27.8995,31.65,0.95608214849921,2.51698894154818,0.80513112164297,1.05145655608215,1.04883412322275,0.992849921011059,0.881500789889415,1.42606129059756
"53","DECO042204",38.6711,157.187,3165.61,39.8467,39.1399,2423.11,39.1134,40.8025,34.4778,37.1,1.04234770889488,4.23684636118598,1.07403504043127,1.05498382749326,1.05426954177898,1.09979784366577,0.929320754716981,1.30642438849247
"54","DEDO072301",22.8946,82.534,2527.35,24.157,25.5322,1830.24,29.3426,20.8229,20.939,21.99,1.04113688040018,3.75325147794452,1.09854479308777,1.16108231014097,1.3343610732151,0.946925875397908,0.952205547976353,1.38088447416732
"55","DEDO072302",28.447,128.027,3321.79,34.0389,32.7201,2543.37,26.9132,34.6921,30.7858,33.77,0.842374888954693,3.79114598756292,1.00796268877702,0.96891027539236,0.796955877998223,1.02730530056263,0.911631625703287,1.30605849719074
"56","DEGO062303",23.7868,106.138,2762.16,24.2877,25.0375,2043.77,21.9028,17.3815,29.4185,23.21,1.02485135717363,4.57294269711331,1.04643257216717,1.0787376130978,0.943679448513572,0.748879793192589,1.26749246014649,1.351502370619
"57","DEHA062201",45.4695,107.019,3054.77,36.8128,42.9231,2351.41,37.6701,43.1975,38.369,39.97,1.13759069301976,2.67748311233425,0.921010758068551,1.07388291218414,0.942459344508381,1.08074806104578,0.959944958719039,1.29912265406713
"58","DEHI052201",42.8776,113.753,2844.4,51.7588,40.6432,2355.41,57.2801,50.1349,40.7232,43.08,0.995301764159703,2.64050603528319,1.20145775301764,0.943435468895079,1.32962163416899,1.16376276694522,0.945292479108635,1.20760292263343
"59","DEHO062206",37.3538,156.164,3799.83,32.5151,30.6741,2635.55,32.1111,32.0477,32.5272,32.42,1.15218383713757,4.81690314620605,1.00293337446021,0.946147439851943,0.990471930906848,0.988516347933374,1.00330660086366,1.44175978448521
"60","DEHO062208",37.6504,132.566,4379.03,41.3304,41.0447,3328.45,41.485,35.4319,36.6442,37.27,1.01020660048296,3.55690904212503,1.10894553259995,1.1012798497451,1.11309364099812,0.95068151328146,0.983209015293802,1.31563640733675
"61","DEHO062211",36.1157,123.263,3438.3,33.3769,36.7444,2601.86,44.3125,38.654,32.939,34.92,1.03424112256586,3.52986827033219,0.955810423825888,1.05224513172967,1.26897193585338,1.10693012600229,0.943270332187858,1.32147771209827
"62","DEHO062214",36.6833,130.761,3157.92,31.6533,36.4612,2253.22,40.1701,36.2629,30.2339,35.15,1.04362162162162,3.7200853485064,0.900520625889047,1.03730298719772,1.14281934566145,1.03166145092461,0.860139402560455,1.40151427734531
"63","DEHO062215",28.827,76.707,2427.55,30.6106,24.7943,1860.56,28.0694,28.267,28.4662,27.99,1.02990353697749,2.74051446945338,1.09362629510539,0.885827081100393,1.00283672740264,1.00989639156842,1.01701321900679,1.30474158317926
"64","DEHO062232",37.0305,140.199,4301.58,34.1545,36.8364,3168.45,39.1991,36.2902,36.8929,36.3,1.02012396694215,3.86223140495868,0.940895316804408,1.01477685950413,1.0798650137741,0.999730027548209,1.01633333333333,1.35762912465085
"65","DEHO062233",48.5859,199.037,5155.15,40.1884,43.9139,3784.56,49.6412,43.846,35.6376,43.75,1.11053485714286,4.54941714285714,0.918592,1.00374628571429,1.134656,1.00219428571429,0.814573714285714,1.36215306402858
"66","DEHO062240",28.4342,133.681,3191.21,32.9736,87.6156,2267.08,34.7662,31.7589,30.6623,32.13,0.884973544973545,4.16062869592281,1.0262558356676,2.72690943043884,1.08204793028322,0.988450046685341,0.954319950202303,1.40763007922085
"67","DEHO062314",17.1876,94.3278,2386.8,17.3769,18.5841,1775.23,20.625,20.5545,18.7298,20.56,0.835972762645914,4.5879280155642,0.845179961089494,0.903895914396887,1.00316147859922,0.999732490272374,0.910982490272374,1.3445018391983
"68","DEHO062320",27.173,115.925,3401.79,22.6394,22.8561,2651.29,28.9699,20.7493,23.8072,26.14,1.03951798010712,4.43477429227238,0.866082631981637,0.874372609028309,1.10825937260903,0.793775822494262,0.910757459831676,1.28306975095142
"69","DELO042201",28.8946,134.287,3316.01,30.5653,38.3187,2383.9,41.3461,33.7248,39.4217,33.1,0.872948640483384,4.05700906344411,0.923422960725075,1.15766465256798,1.24912688821752,1.01887613293051,1.19098791540785,1.39100213935148
"70","DELO042203",35.648,117.383,3202.18,31.2425,33.818,2396.43,39.0671,30.6975,36.6244,33.27,1.07147580402765,3.52819356777878,0.939059212503757,1.01647129546138,1.17424406372107,0.922678088367899,1.10082356477307,1.33622930776196
"71","DELO042204",26.9568,71.9268,2339.31,24.1533,26.3601,1690.18,33.0058,31.639,23.0264,28.66,0.940572226099093,2.50965806001396,0.842752965806001,0.919752267969295,1.15163293789253,1.10394277739009,0.803433356594557,1.38405968595061
"72","DELO042205",38.7077,171.184,3116.95,32.951,41.9967,2205.39,42.5081,31.9414,31.1598,37.67,1.02754711972392,4.54430581364481,0.874727900185824,1.11485797717016,1.12843376692328,0.847926732147598,0.827178125829573,1.41333278921189
"73","DELW052301",21.9695,85.6066,2174.16,28.8266,25.8219,1680.57,26.2002,28.733,27.8863,24.92,0.881601123595506,3.43525682182986,1.15676565008026,1.03619181380417,1.05137239165329,1.15300963081862,1.11903290529695,1.29370392188365
"74","DELW052304",23.1382,87.1648,2018.23,22.9309,28.1853,1474.06,24.7824,21.5027,28.5041,25.27,0.915639097744361,3.44933913731698,0.907435694499406,1.11536604669569,0.980704392560348,0.850918084685398,1.12798179659676,1.36916407744597
"75","DELW052307",28.3374,56.4194,2367.95,28.6269,29.2714,1759.77,29.5903,22.6403,28.9275,28.2,1.00487234042553,2.00068794326241,1.01513829787234,1.03799290780142,1.04930141843972,0.802847517730496,1.02579787234043,1.3456019820772
"76","DKES062203",46.7533,156.149,4970.06,35.804,41.9146,3615.11,39.4803,44.5354,37.8979,40.98,1.14088091752074,3.81037091264031,0.87369448511469,1.02280624694973,0.963404099560761,1.08675939482674,0.924790141532455,1.37480187324867
"77","ESAN032201",33.3666,107.405,3077.45,28.544,28.4343,2388.31,29.1238,28.1226,32.8781,30.69,1.08721407624633,3.49967416096448,0.930074942978169,0.926500488758553,0.948967090257413,0.916344086021505,1.07129683936136,1.28854713165376
"78","ESAN032203",39.9641,141.533,2761.78,38.3015,39.7753,2337.41,47.4074,44.0341,38.2306,40.92,0.976639784946237,3.45877321603128,0.936009286412512,0.972025904203324,1.15853861192571,1.07610215053763,0.934276637341154,1.18155565347971
"79","ESAN032205",27.8155,96.2723,2231.7,27.6143,26.092,1778.49,30.3079,27.7125,23.9193,26.68,1.04255997001499,3.60840704647676,1.03501874062969,0.977961019490255,1.13597826086957,1.03869940029985,0.896525487256372,1.25482853431844
"80","ESAN032208",31.0932,82.6527,2167.28,30.0063,30.1485,1634.21,33.4074,29.0708,31.9028,30.32,1.02550131926121,2.72601253298153,0.989653693931398,0.994343667546174,1.101827176781,0.958799472295514,1.05220316622691,1.32619430795308
"81","ESAN032210",30.863,123.028,3003.66,26.9171,27.9534,2199.74,29.3345,33.4687,32.4036,32.04,0.963264669163546,3.8398252184769,0.840109238451935,0.872453183520599,0.915558676654182,1.0445911360799,1.01134831460674,1.36546137270768
"82","ESAN032212",34.5755,96.6639,3759.77,36.3932,35.364,2901.76,41.8773,29.8474,34.1334,36.28,0.953018191841235,2.66438533627343,1.00312017640573,0.974751929437707,1.15428059536935,0.822695700110254,0.940832414553473,1.2956860663873
"83","ESAN032214",36.0524,161.812,3398.13,34.5905,36.3719,2631.24,37.4502,35.97,33.2092,34.92,1.03242840778923,4.63379152348225,0.990564146620848,1.04157789232531,1.07245704467354,1.03006872852234,0.951008018327606,1.29145573949925
"84","ESAN032215",35.3666,147.396,4197.34,34.7776,33.0545,2773.37,34.7361,36.8229,30.4185,34.05,1.03866666666667,4.32881057268722,1.02136857562408,0.970763582966226,1.02014977973568,1.08143612334802,0.893348017621145,1.51344393283262
"85","ESAN032216",44.3484,140.708,4401.2,37.3103,37.6616,3154.61,43.7917,41.6253,31.5124,39.44,1.1244523326572,3.56764705882353,0.946001521298174,0.954908722109533,1.11033722109533,1.05540821501014,0.798995943204868,1.39516453697921
"86","ESAN032219",31.3983,128.815,2862.05,25.8467,25.7497,2158.61,33.7477,31.2738,28.9802,30.03,1.04556443556444,4.28954378954379,0.860695970695971,0.857465867465868,1.12379953379953,1.04141858141858,0.965041625041625,1.32587637414818
"87","ESAN032222",28.0329,75.7106,2314.97,31.5251,30.1439,1854.4,31.0312,21.3488,25.285,28.48,0.984301264044944,2.65837780898876,1.10692064606742,1.05842345505618,1.08957865168539,0.749606741573034,0.887816011235955,1.24836604831751
"88","ESAN032225",33.9744,140.097,2574.74,35.4925,33.5237,2023.43,43.1308,28.0967,39.2306,34.77,0.977118205349439,4.02924935289042,1.02077940753523,0.964155881507046,1.24046016681047,0.808073051481162,1.12828875467357,1.2724630948439
"89","ESAN032226",27.4257,86.5434,1375.24,31.446,26.4034,1124.67,25.1678,27.6975,24.2916,25.62,1.07048009367681,3.377962529274,1.22740046838407,1.03057767369243,0.982349726775956,1.08108899297424,0.948149882903981,1.2227942418665
"90","ESAN032227",30.7205,92.0289,4134.77,34.6307,30.0309,2777.57,35.2049,30.1689,35.1779,33.81,0.908621709553387,2.72194321206744,1.02427388346643,0.888225377107365,1.04125702454895,0.892307009760426,1.04045844424726,1.4886285494155
"91","ESAN042303",36.69,97.1353,3111.51,41.7362,36.7792,2379.17,42.647,36.7493,36.8748,38.02,0.965018411362441,2.5548474487112,1.09774329300368,0.967364544976328,1.12169910573382,0.966578116780642,0.969879011046817,1.30781322898322
"92","ESAN042310",23.5207,92.8895,2299.12,26.1884,27.3633,1845.97,24.831,25.7956,26.1763,26.36,0.892287556904401,3.5238808801214,0.993490136570562,1.03806145675266,0.941995447647951,0.978588770864947,0.993031107738998,1.24548069578596
"93","ESAN042315",36.4178,124.907,3734.92,35.549,39.1032,3095.79,38.1609,33.0163,38.514,35.8,1.01725698324022,3.48902234636872,0.992988826815642,1.09226815642458,1.0659469273743,0.922243016759777,1.07581005586592,1.20645134198379
"94","ESAN042318",31.8179,132.466,3509.34,30.6595,29.4967,2880.56,40.1007,26.8038,38.911,31.65,1.00530489731438,4.18533965244866,0.96870458135861,0.931965244865719,1.26700473933649,0.846881516587678,1.22941548183254,1.21828394478851
"95","ESCT052202",25.9202,55.7791,2453.87,25.7601,31.8936,1667.68,32.3565,31.2602,25.29,31.85,0.81382103610675,1.75130612244898,0.808794348508634,1.00136891679749,1.01590266875981,0.981481946624804,0.79403453689168,1.47142737215773
"96","ESCT052207",32.6498,121.22,2315.44,29.5113,34.8259,1592.63,36.765,38.173,28.0099,32.83,0.994511117879988,3.6923545537618,0.898912579957356,1.06079500456899,1.11985988425221,1.16274748705452,0.853180018275967,1.45384678173838
"97","ESCT052302",75.5597,198.087,7298.5,81.3379,77.297,5183.77,84.7141,76.7684,69.5338,76.04,0.993683587585481,2.60503682272488,1.06967254076802,1.01653077327722,1.11407285639137,1.0095791688585,0.914437138348238,1.40795212750566
"98","ESCT052307",29.0706,84.8689,3308.45,26.7312,27.818,2561.26,31.2465,33.0463,32.1384,31.89,0.911589840075259,2.66130134838507,0.838231420507996,0.872311069300721,0.979821260583255,1.03625901536532,1.007789275635,1.29172750911661
"99","ESCT052309",28.9775,124.885,2203.51,28.4535,28.8456,1588.74,30.919,29.6226,32.7644,28.05,1.03306595365419,4.45222816399287,1.01438502673797,1.02836363636364,1.1022816399287,1.05606417112299,1.16807130124777,1.38695444188476
"100","ESCT062210",47.7759,125.464,3796.87,47.3781,40.094,2938.66,46.7766,40.9087,42.7858,42.13,1.13401139330643,2.97802041300736,1.12456919060052,0.951673391882269,1.11029195347733,0.971011155945882,1.01556610491336,1.29204127051105
"101","ESCT062211",31.9214,60.0384,5263.6,31.5188,36.5217,3780.21,39.7581,29.6485,30.5091,33.03,0.966436572812595,1.81769300635786,0.954247653648199,1.10571298819255,1.20369663941871,0.897623372691493,0.923678474114441,1.39240941640808
"102","ESCT062216",36.528,95.4406,3527.73,35.5892,33.3436,2524.77,39.3032,38.4482,39.8468,34.84,1.04845005740528,2.7393972445465,1.02150401836969,0.957049368541906,1.12810562571757,1.10356486796785,1.14370838117107,1.39724806616048
"103","ESCT062217",35.3295,70.8435,2879.6,34.0779,34.8732,2160.05,36.1875,31.2629,29.2751,34.52,1.02345017381228,2.05224507531866,0.987192931633835,1.01023174971031,1.04830533024334,0.905646002317497,0.848061993047509,1.33311728895164
"104","ESCT062219",41.3593,141.841,4035.97,39.0754,32.4468,2988.99,45.206,37.7398,33.4745,36.05,1.14727600554785,3.93456310679612,1.08392233009709,0.900049930651873,1.25398058252427,1.04687378640777,0.928557558945909,1.35027885673756
"105","ESCT062221",47.7862,168.947,4102.27,46.7475,41.5624,3169.1,47.5127,47.1022,44.7957,42.07,1.13587354409318,4.01585452816734,1.11118374138341,0.987934395055859,1.12937247444735,1.11961492750178,1.06478963632042,1.29445899466726
"106","ESCT062224",41.5901,141.991,4348.63,38.0201,42.4192,3207.94,49.1354,36.6553,35.4926,39.35,1.05692757306226,3.60841168996188,0.966203303684879,1.07799745870394,1.24867598475222,0.931519695044473,0.901972045743329,1.35558333385288
"107","ESCT062226",28.6072,58.4335,2349.52,33.0867,26.3515,1668.89,30.7141,28.5913,27.5947,29.76,0.961263440860215,1.96349126344086,1.11178427419355,0.885467069892473,1.03205981182796,0.960729166666667,0.92724126344086,1.40783394951135
"108","ESMA052301",21.6516,91.0703,2105.56,21.7601,24.6045,1471.52,22.0903,17.9278,25.6689,24.65,0.878361054766734,3.6945354969574,0.882762677484787,0.99815415821501,0.896158215010142,0.727294117647059,1.04133468559838,1.43087419810808
"109","ESMA052302",28.2247,162.18,3414.77,28.9422,33.523,2511.22,30.5451,25.7684,29.3624,30.22,0.933974189278623,5.36664460622105,0.957716743878226,1.10929847782925,1.01075777630708,0.852693580410324,0.971621442753144,1.35980519428804
"110","ESMD052201",37.7418,145.459,4436.15,36.7161,39.6393,3154.04,44.0255,34.9523,33.5502,38,0.993205263157895,3.82786842105263,0.966213157894737,1.04313947368421,1.15856578947368,0.919797368421053,0.8829,1.40649769819026
"111","ESMD052202",41.3063,79.3538,2732.4,36.2915,41.0473,2189.94,45.7477,42.8474,41.5618,41.96,0.984420877025739,1.89117731172545,0.864907054337464,0.978248331744519,1.09026930409914,1.02114871306006,0.990510009532888,1.24770541658676
"112","ESSA052201",29.0987,107.925,3319.82,26.7839,26.5821,2325.95,31.0694,22.0613,31.0329,29.02,1.00271192281185,3.71898690558236,0.922946243969676,0.915992419021365,1.07062026188835,0.760210199862164,1.06936250861475,1.4272963735248
"113","ESSA052202",39.2631,100.166,3994.87,32.2952,37.5532,3041.25,48.2245,36.8065,32.1779,37.54,1.04590037293554,2.66824720298348,0.860287693127331,1.0003516249334,1.28461640916356,0.98046084176878,0.857163026105488,1.31356185778874
"114","ESSA062301",26.9446,100.002,2265.86,24.0704,24.6767,1698.41,24.0012,19.6785,28.6639,25.45,1.05872691552063,3.92935166994106,0.945791748526523,0.969614931237721,0.943072691552063,0.773222003929273,1.12628290766208,1.33410660558993
"115","FRA_ASOSAN_95_9",22.9616,128.465,4722.26,24.1319,31.1294,3637.69,29.162,25.6362,27.6293,28.4,0.808507042253521,4.52341549295775,0.849714788732394,1.09610563380282,1.02683098591549,0.902683098591549,0.972862676056338,1.29814800051681
"116","FRA_B_STONE_95_45",37.4495,125.046,13362.8,34.5565,40.2622,11128.1,32.4248,36.6322,40.5535,42.68,0.877448453608247,2.92985004686036,0.809664948453608,0.943350515463918,0.759718837863168,0.858298969072165,0.95017572633552,1.20081595240877
"117","FRA_M_DOVE_94_10",24.4446,55.8317,3935.2,28.9912,31.0145,2888.87,28.6215,22.9537,23.7446,28.92,0.845248962655602,1.93055670816044,1.00246196403873,1.07242392807746,0.989678423236514,0.793696403872752,0.821044260027662,1.36219352203457
"118","FRA_MERCIA_COKER_98_25",27.8861,84.9102,4013.18,31.0754,28.749,3139.42,29.3877,29.7193,27.14,31.65,0.881077409162717,2.68278672985782,0.981845181674566,0.908341232227488,0.928521327014218,0.938998420221169,0.857503949447077,1.27831892515178
"119","FRA_MISSION_96_19",32.1644,130.656,25857.2,53.4585,46.6873,19216.1,36.316,37.9005,41.771,53.46,0.601653572764684,2.44399551066218,0.999971941638608,0.873312757201646,0.67931163486719,0.708950617283951,0.781350542461654,1.34560082430878
"120","FRBE052201",46.2838,161.37,2684.59,43.0967,50.4488,2165.45,44.6435,46.5177,47.4465,45.95,1.00726441784548,3.51186071817193,0.937904243743199,1.09790642002176,0.971566920565832,1.01235473340588,1.03256800870511,1.23973769886167
"121","FRBE052202",36.9361,118.175,3797.65,39.3744,34.3693,2726.49,38.272,40.5926,31.4761,35.4,1.04339265536723,3.33827683615819,1.11227118644068,0.970884180790961,1.08112994350282,1.14668361581921,0.889155367231638,1.39287142076443
"122","FRBE052204",37.6395,128.082,3862.85,27.1005,35.0861,2822.02,46.4132,30.5354,35.7348,36.19,1.0400525006908,3.53915446255872,0.748839458413927,0.969497098646035,1.2824868748273,0.843752417794971,0.987421939762365,1.36882445907541
"123","FRCL052201",32.8819,93.003,2746.44,31.8392,29.5907,1957.79,33.6667,36.0872,34.4811,32.24,1.01991004962779,2.88470843672457,0.987568238213399,0.917825682382134,1.04425248138958,1.1193300248139,1.06951302729529,1.40282665658727
"124","FRCL052202",42.7753,155.657,4091.98,39.8869,44.7878,2819.93,41.4618,38.5463,45.4778,42.36,1.00980406043437,3.67462228517469,0.941617091595845,1.057313503305,0.978796033994334,0.909969310670444,1.07360245514636,1.45109275762164
"125","FRCL052301",26.0457,66.8565,2214.26,25.1872,26.7996,1630.16,28.14,22.2847,27.4201,26.23,0.992973694243233,2.54885627144491,0.960243995425086,1.02171559283263,1.07281738467404,0.849588257720168,1.0453717117804,1.35830838690681
"126","FRCL052302",23.4501,57.2221,1629.41,19.5188,18.2155,1150.37,25.0428,19.0817,21.2619,21.05,1.1140190023753,2.71838954869359,0.92725890736342,0.865344418052256,1.18968171021378,0.90649406175772,1.01006650831354,1.41642254231247
"127","FRCO042201",32.5329,159.06,3062.58,33.2688,32.6629,2158.94,34.6146,36.7752,33.6161,31.15,1.0443948635634,5.10626003210273,1.06801926163724,1.04856821829856,1.11122311396469,1.18058426966292,1.07916853932584,1.41855725494919
"128","FRCO042202",32.8216,74.2888,2325.16,36.3229,35.1406,1471.19,33.9259,35.4891,31.43,36.98,0.887550027041644,2.00889129259059,0.982230935640887,0.950259599783667,0.917412114656571,0.959683612763656,0.849918875067604,1.58046207491894
"129","FRCO042203",29.12,110.118,2960.38,26.0465,30.1373,2022.57,27.566,34.1349,28.7414,29.24,0.995896032831737,3.76600547195622,0.89078317373461,1.03068741450068,0.942749658002736,1.16740424076607,0.982948016415869,1.46367245633031
"130","FRCO042204",35.4086,104.638,2922.86,26.8518,33.8456,2125.89,31.287,24.4918,32.3624,29.17,1.21387041480974,3.58717860815907,0.920527939664038,1.16028796708948,1.0725745629071,0.839622900239973,1.10944120671923,1.37488769409518
"131","FRLO052301",19.0731,45.1831,1517.88,17.941,19.728,1156.54,29.4919,23.3583,18.43,22.28,0.856063734290844,2.02796678635548,0.805251346499102,0.885457809694794,1.32369389587074,1.04839766606822,0.827199281867145,1.31243190896986
"132","FRLO052302",27.3167,74.1689,2618.05,27.294,26.3141,1942.77,28.5984,25.6349,29.9308,27.84,0.981203304597701,2.66411278735632,0.980387931034483,0.945190373563218,1.02724137931034,0.92079382183908,1.07510057471264,1.34758617849771
"133","FRMP052201",34.5286,148.193,2721.59,32.1646,28.5815,2054.02,38.6991,32.4537,28.8567,31.77,1.08683034309097,4.66455775889204,1.01242052250551,0.899638023292414,1.21810198300283,1.02152030217186,0.908300283286119,1.32500657247739
"134","FRMP052202",36.9659,158.347,4876.02,33.4246,36.3272,3540.35,36,34.9033,28.598,35.15,1.05166145092461,4.504893314367,0.950913229018492,1.03349075391181,1.02418207681366,0.992981507823613,0.813598862019915,1.37727060883811
"135","FRMP052203",38.8283,154.641,3535.03,36.407,29.9534,2677.99,37.147,34.6826,34.6952,35.45,1.0952976022567,4.36222849083216,1.02699576868829,0.844947813822285,1.04787023977433,0.978352609308886,0.978708039492242,1.32003106807718
"136","FRMP052204",38.7515,128.414,4296.73,34.4372,37.111,3171.4,40.7604,34.1975,30.3954,33.56,1.15469308700834,3.82640047675804,1.02613825983313,1.105810488677,1.21455303933254,1.0189958283671,0.905703218116806,1.35483698051334
"137","FRMP052206",24.3721,78.0366,3471.24,26.3794,28.8279,2413.12,32.4433,30.1471,22.6293,27.95,0.871989266547406,2.79200715563506,0.94380679785331,1.03140966010733,1.16076207513417,1.07860822898032,0.809635062611807,1.43848627502984
"138","FRMU052302",28.028,114.364,2757.55,23.8166,25.7911,2050.56,25.0116,24.6853,27.8896,26.74,1.04816753926702,4.27688855646971,0.890673148840688,0.964513836948392,0.935362752430815,0.923160059835453,1.04299177262528,1.3447789872035
"139","FRMU052303",22.5085,74.9049,1777.34,20.6508,16.0217,1293.52,20.5637,21.8583,19.6211,20.05,1.12261845386534,3.73590523690773,1.0299650872818,0.799087281795511,1.02562094763092,1.09018952618454,0.978608478802992,1.37403364462861
"140","FRNE052204",39.5974,155.656,3042.92,34.6156,38.6892,2234.03,38.8241,37.5504,26.3147,37.19,1.06473245496101,4.18542618983598,0.930777090615757,1.04031191180425,1.04393923097607,1.00969077709062,0.707574616832482,1.36207660595426
"141","FRNE052205",27.7594,85.9067,3151.92,33.4786,30.1419,2297.31,27.9803,27.7316,25.3196,29.42,0.943555404486744,2.9200101971448,1.13795377294358,1.02453772943576,0.95106390210741,0.942610469068661,0.860625424881033,1.37200464891547
"142","FRNE052208",51.7004,129.144,4926.88,41.5075,46.7773,3549.7,53.2639,42.1798,42.9687,42.55,1.21505052878966,3.0351116333725,0.975499412455934,1.09934900117509,1.2517955346651,0.991299647473561,1.0098401880141,1.38797081443502
"143","FRRI052203",21.5926,66.4767,1843.38,21.7374,25.3962,1423.32,20.7801,22.782,19.7727,23.7,0.911080168776371,2.80492405063291,0.917189873417722,1.07156962025316,0.87679746835443,0.96126582278481,0.834291139240506,1.29512688643453
"144","FRRI052204",74.3362,299.185,6783.4,81.3505,86.6419,4946.66,88.2245,92.8474,74.5964,80.1,0.928042446941323,3.73514357053683,1.01561173533084,1.08167166042447,1.10142946317104,1.15914357053683,0.93129088639201,1.37130912575354
"145","FRRN052301",21.8319,57.1299,1716.28,21.8028,21.7963,1281.81,25.4745,24.9305,23.1911,22.35,0.976818791946309,2.55614765100671,0.97551677852349,0.975225950782998,1.13979865771812,1.11545861297539,1.03763310961969,1.33895039046349
"146","FRRN052302",23.0512,57.9037,2462.51,23.4912,22.1058,2000.97,26.4028,17.2302,25.3641,22.89,1.00704237658366,2.5296505024028,1.02626474442988,0.965740498034076,1.15346439493228,0.752739187418086,1.10808650065531,1.23065813080656
"147","FRSA042201",40.7375,186.805,4854.93,40.0879,44.7937,3671.16,42.5174,36.7384,44.743,40.84,0.997490205680705,4.57406953966699,0.981584231145935,1.09680950048972,1.04107247796278,0.899569049951028,1.0955680705191,1.32245121433008
"148","FRSA042202",33.3514,66.4483,3423.76,35.2601,36.343,2458.44,36.1898,42.0136,29.486,36.55,0.912487004103967,1.81801094391245,0.964708618331053,0.994336525307798,0.990145006839945,1.1494829001368,0.806730506155951,1.39265550511707
"149","FRSA042203",39.8392,158.999,3775.03,44.1106,37.9777,2862.36,34.103,35.1499,41.8138,37.83,1.05311128733809,4.20298704731694,1.16602167591858,1.00390430874967,0.901480306634946,0.929154110494317,1.10530795664816,1.31885227574449
"150","FRSA042204",29.3965,100.56,2404.84,32.7538,33.4928,1756.65,33.1088,36.9305,35.5535,35.26,0.833706749858196,2.85195689166194,0.928922291548497,0.94988088485536,0.938990357345434,1.04737663074305,1.00832387975043,1.36899211567472
"151","FRSB042201",39.7211,173.154,3283.26,32.0829,42.184,2227.41,47.4641,45.8638,39.9572,40.9,0.971176039119804,4.23359413202934,0.784422982885086,1.03139364303178,1.16049144254279,1.12136430317848,0.976948655256724,1.47402588656781
"152","FRSB042203",44.0317,142.403,1983.85,44.7462,42.5289,1579.4,46.8495,45.5817,40.7216,44.07,0.999130928068981,3.2312911277513,1.01534377127297,0.96503063308373,1.06307011572498,1.03430224642614,0.924020875879283,1.25607825756616
"153","FRSB042204",45.2942,117.027,2886.48,35.103,39.9166,2270.36,43.934,36.7984,39.3575,41.66,1.08723475756121,2.80909745559289,0.842606817090735,0.958151704272684,1.05458473355737,0.883302928468555,0.944731156985118,1.27137546468401
"154","FRSD062201",35.5122,68.8937,4430.18,26.799,33.2438,3151.13,40.669,37.2507,40.8781,34.82,1.01987937966686,1.97856691556577,0.769643882825962,0.954732912119472,1.16797817346353,1.06980758184951,1.17398334290638,1.40590200975523
"155","FRSD062202",38.5116,79.3349,4616.43,41.6746,43.998,3319.96,48.4988,46.6676,41.8336,43.69,0.881474021515221,1.81585946440833,0.953870450904097,1.00704966811627,1.11006637674525,1.06815289539941,0.957509727626459,1.39050771696045
"156","FRSD062203",37.7071,69.3703,4260.51,35.8291,34.7188,3021.63,40.2685,34.9183,30.6672,37.63,1.00204889715652,1.84348392240234,0.952141908052086,0.922636194525644,1.07011692798299,0.927937815572681,0.814966781823014,1.41000387208229
"157","FRSD062204",33.9269,130.383,3351.42,34.5101,35.9317,2403.48,38.6655,32.376,32.2867,35.25,0.96246524822695,3.6988085106383,0.979009929078014,1.0193390070922,1.09689361702128,0.918468085106383,0.91593475177305,1.39440311548255
"158","FRSG052301",29.3441,81.5115,2734.97,26.5176,24.1623,2206.21,27.5278,25.5913,31.5206,29.66,0.989349291975725,2.74819622387053,0.894052596089009,0.814642616318274,0.928111935266352,0.86282198246797,1.06273095077546,1.23966893450759
"159","FRSG052302",31.1937,83.8204,2660.25,30.6508,30.6413,1910.1,31.1134,40.0041,27.9753,31.39,0.993746416056069,2.67028990124243,0.976451099076139,0.97614845492195,0.991188276521185,1.2744217903791,0.891216948072635,1.39272812941731
"160","GBR_JIW11",22.2052,43.1843,4530.53,27.1771,24.6787,3018.89,21.3229,20.6989,20.2323,22.65,0.980362030905077,1.90659161147903,1.19987196467991,1.08956732891832,0.941408388520971,0.913858719646799,0.893258278145695,1.50072708843317
"161","GBR_JIW48",21.8782,128.671,3637.62,26.7123,22.1951,2422.54,18.6192,22.1185,20.4382,22.07,0.9913094698686,5.83013140009062,1.21034435885818,1.00566832804712,0.84364295423652,1.00219755323969,0.926062528318985,1.50157272944926
"162","GBR_WC1110",25.1772,24.5617,2042.33,25.5779,21.2917,1388.04,20.2338,23.327,21.6326,22.19,1.13461919783686,1.10688147814331,1.15267688147814,0.959517800811176,0.91184317260027,1.05123929698062,0.974880576836413,1.47137690556468
"163","GRTH052302",23.0359,56.8104,2593.98,19.6043,21.8141,1847.06,24.0312,19.9264,22.2273,22.96,1.00330574912892,2.47432055749129,0.853845818815331,0.950091463414634,1.04665505226481,0.86787456445993,0.968087979094077,1.40438318192154
"164","GRTH052303",25.2442,23.4566,1995.92,26.8932,26.157,1588.97,26.1331,25.5109,28.514,25.85,0.976564796905222,0.907411992263056,1.04035589941973,1.01187620889749,1.01095164410058,0.986882011605416,1.10305609284333,1.25610930351108
"165","GRTH052305",24.6419,67.3396,2557.22,20.843,24.1833,2001.15,23.4537,29.2725,20.0527,24.18,1.01910256410256,2.78492969396195,0.861993382961125,1.0001364764268,0.969962779156328,1.21060794044665,0.829309346567411,1.2778752217475
"166","HUMV062206",42.0579,211.98,3611.19,37.6093,38.5388,2476.32,45.5475,37.8733,36.7496,38.46,1.09354914196568,5.51170046801872,0.977880915236609,1.00204888195528,1.18428237129485,0.984745189807592,0.955527821112845,1.45828891257996
"167","HUMV062211",44.4452,76.1819,2837.05,47.3869,47.339,2188.75,54.3218,43.5068,45.9226,42.85,1.03722753792299,1.7778739789965,1.10587864644107,1.10476079346558,1.26771995332555,1.01532788798133,1.07170595099183,1.29619645916619
"168","HUMV062213",41.6888,147.028,2126.61,41.0829,45.182,1676.22,45.566,39.3747,40.1928,40.67,1.02505040570445,3.61514629948365,1.01015244652078,1.11094172608803,1.12038357511679,0.968150971231866,0.988266535529875,1.26869384686974
"169","HUMV062215",40.0213,78.3532,4787.35,41.2726,40.7898,3623.08,39.941,37.7166,44.2224,40.26,0.994071038251366,1.94617983109786,1.02515151515152,1.01315946348733,0.992076502732241,0.936825633383011,1.09842026825633,1.32134813473619
"170","HUMV062226",39.5213,101.645,3542.9,39.0302,35.3364,2485.15,46.015,40.2861,35.5832,37.62,1.05053960659224,2.70188729399256,1.03748538011696,0.939298245614035,1.22315257841574,1.0708692185008,0.945858585858586,1.42562823169628
"171","HUMV062227",37.408,75.1211,4683.17,34.5817,40.8876,3475.57,42.3947,39.0286,38.4481,38.8,0.964123711340206,1.93611082474227,0.891280927835052,1.05380412371134,1.09264690721649,1.00589175257732,0.990930412371134,1.34745379894521
"172","HUMV062231",35.8179,101.89,3736.69,40.2575,36.5749,2821.24,39.3044,34.1172,34.3871,36.91,0.970411812516933,2.76049850988892,1.09069357897589,0.99092115957735,1.06487130858846,0.924334868599296,0.931647250067732,1.32448497823652
"173","HUMV062309",24.1498,71.3349,1754.39,20.9008,21.4763,1247.55,17.1493,15.658,23.6129,20.38,1.18497546614328,3.50024043179588,1.02555446516192,1.05379293424926,0.841476938174681,0.768302257114818,1.1586310107949,1.40626828584025
"174","HUMV062323",20.9695,80.2764,2498.41,20.3719,22.2996,1829.91,22.3877,24.4401,22.9539,22.26,0.942026055705301,3.60630727762803,0.915179694519317,1.00177897574124,1.0057367475292,1.09793800539084,1.03117250673854,1.36531851293233
"175","HUMV062350",25.4884,56.0177,1895.7,20.2362,19.3909,1411.35,23.2095,17.8324,23.575,22.71,1.12234258036107,2.46665345662704,0.89107001321004,0.853848524878908,1.02199471598415,0.78522236900044,1.03808894760018,1.34318205973005
"176","HUSZ062201",28.4829,82.2747,3640.45,25.3618,30.1524,2661.93,30.2315,31.8038,25.939,29.9,0.952605351170569,2.75166220735786,0.848220735785953,1.00844147157191,1.01108695652174,1.06367224080268,0.86752508361204,1.36759794585132
"177","IEKD072305",23.0585,69.7767,2710.15,27.7299,27.4849,2044.65,25.8831,22.9728,23.1499,26.14,0.882115531752104,2.66934583014537,1.06082249426167,1.05144988523336,0.990172149961744,0.878837031369548,0.885612088752869,1.32548357909667
"178","IEKD072313",20.3605,65.9374,2429.07,23.9359,22.6708,1742.57,20.8299,22.218,24.8402,22.92,0.888328970331588,2.87684991273996,1.04432373472949,0.98912739965096,0.90880890052356,0.969371727748691,1.08377835951134,1.39395834887551
"179","IELO072305",22.9233,95.391,3522.03,25.4661,29.8666,2689.81,29.8218,31.3651,27.1763,27.46,0.834788783685361,3.4738164603059,0.927388929351784,1.08764020393299,1.08600873998543,1.14221048798252,0.989668608885652,1.30939731802618
"180","IELO072310",31.3295,84.0555,3452.93,30.6219,29.7392,2640.4,32.684,33.03,32.4432,29.44,1.06418138586957,2.85514605978261,1.04014605978261,1.01016304347826,1.1101902173913,1.12194293478261,1.10201086956522,1.3077298894107
"181","IEME072202",28.6279,138.028,2439.65,29.804,30.9494,1807.03,28.5775,34.7956,30.0082,30.73,0.931594533029613,4.49163683696713,0.969866579889359,1.00713960299382,0.92995444191344,1.1323006833713,0.976511552229092,1.35008826638185
"182","ILIL042201",29.2302,52.909,3366.78,29.4033,32.3784,2572.63,32.5139,22.8556,18.7166,29.26,0.998981544771018,1.80823650034176,1.0048974709501,1.10657552973342,1.11120642515379,0.781120984278879,0.639665071770335,1.30869188340337
"183","ILIL042215",26.0518,24.2552,2597.67,23.3781,24.6859,1906.37,27.1782,29.8569,22.7644,26.88,0.969188988095238,0.902351190476191,0.869720982142857,0.918374255952381,1.01109375,1.11074776785714,0.846889880952381,1.36262635270173
"184","ILIL042254",38.3319,74.9468,2335.95,34.505,41.5033,1866.24,41.213,40.5341,38.1845,40.06,0.956862206689965,1.87086370444333,0.861333000499251,1.03602845731403,1.02878182725911,1.01183474787818,0.953182725911133,1.25168788580247
"185","ILIL042256",47.2923,69.5617,2458.62,41.4296,43.7792,1957.97,48.9595,41.1676,41.1763,41.22,1.14731441048035,1.68757156720039,1.00508491023775,1.06208636584182,1.18776079573023,0.998728772440563,0.998939835031538,1.25569850406288
"186","ILIL042271",24.0353,24.8535,3599.02,30.0415,27.1064,2654.7,26.7581,27.0681,24.0626,26.53,0.905966830003769,0.936807387862797,1.13235959291368,1.0217263475311,1.0085978137957,1.02028269883151,0.906995853750471,1.3557162767921
"187","ISR_103",33.3118,31.5865,5786.56,32.2387,30.5913,4246.14,23.0116,34.1512,34.9489,29.71,1.12123190844833,1.06316055200269,1.08511275664759,1.02966341299226,0.774540558734433,1.14948502187816,1.1763345674857,1.36278125544612
"188","ISR_13",37.0968,42.505,5666.45,41.9812,44.0237,4680.95,41.559,35.7316,35.7792,40.75,0.910350920245399,1.04306748466258,1.03021349693252,1.08033619631902,1.0198527607362,0.876849079754601,0.87801717791411,1.21053418643651
"189","ISR_15",49.8143,43.6964,7470.41,52.7827,45.479,5656.6,40.1736,47.1526,46.4481,48.14,1.03477980889074,0.907694225176568,1.0964416285833,0.944723722476111,0.834515995014541,0.979488990444537,0.964854590776901,1.32065374960223
"190","ISR_204",57.5883,97.3839,4730.14,57.8178,51.6912,3627,41.8229,55.8052,45.1697,54.75,1.05184109589041,1.77870136986301,1.05603287671233,0.944131506849315,0.763888584474886,1.01927305936073,0.825017351598173,1.30414667769506
"191","ISR_205",25.7741,52.6456,4812.27,28.8216,26.5046,3638.94,25.3403,28.6076,22.0873,25.65,1.00483820662768,2.05246003898635,1.12364912280702,1.03331773879142,0.987925925925926,1.11530604288499,0.861103313840156,1.3224373031707
"192","ISR_208",38.8313,235.347,4477.37,39.1997,38.8679,3229.55,32.412,40.3188,45.9423,39.66,0.979104891578417,5.93411497730711,0.988393847705497,0.980027735753908,0.817246596066566,1.01661119515885,1.15840393343419,1.38637581087148
"193","ISR_214",47.0298,104.205,7072.78,51.8317,60.5716,5674.69,52.6736,53.2166,36.5008,53.34,0.88169853768279,1.95359955005624,0.971722909636295,1.13557555305587,0.98750656167979,0.997686539182602,0.684304461942257,1.24637292962259
"194","ISR_215",47.218,138.903,4216.63,50.8178,46.4323,3195.07,31.4722,51.2207,57.5288,48.21,0.979423356150176,2.88120721841941,1.05409251192699,0.963125907488073,0.652814768720183,1.06244969923252,1.19329599668119,1.31973008416091
"195","ISR_216",39.5244,48.1831,8027.93,54.4724,43.7648,6465.49,47.1609,47.7616,43.9209,43.73,0.903828035673451,1.10183169448891,1.24565286988338,1.00079579236222,1.07845643722845,1.09219300251544,1.00436542419392,1.24165840485408
"196","ISR_217",44.1285,91.2758,5769.2,42.5641,38.9297,4517.68,36.5625,38.8719,45.2537,43.33,1.01842834064159,2.10652665589661,0.982324024924994,0.898446803600277,0.843814908839141,0.897112854834987,1.04439649203785,1.27702714667706
"197","ISR_218",33.3934,47.2333,10932.7,43.5967,48.7779,8024.17,38.3854,45.7234,39.5058,52.06,0.641440645409143,0.907285824049174,0.837431809450634,0.936955436035344,0.737330003841721,0.878282750672301,0.758851325393776,1.36247113408614
"198","ISR_219",27.4403,81.4879,21869.8,38.9158,44.6393,15780.1,29.8438,25.8229,30.1483,40.22,0.682255096966683,2.02605420188961,0.967573346593734,1.10987817006464,0.742013923421184,0.642041272998508,0.749584783689707,1.38591010196387
"199","ISR_30p",41.1334,39.4418,6320.95,41.843,38.7221,4715.64,42.287,33.3392,34.888,40.02,1.02782108945527,0.985552223888056,1.04555222388806,0.967568715642179,1.05664667666167,0.833063468265867,0.871764117941029,1.34042250892774
"200","ISR_43",108.518,120.897,18478.1,120.637,125.617,13965.1,119.096,123.202,84.0428,119.73,0.906355967593753,1.00974693059384,1.00757537793368,1.04916896350121,0.994704752359476,1.02899858013865,0.701936022717782,1.32316274140536
"201","ISR_50",33.0012,30.6373,6361.86,34.5842,33.3666,4801.51,30.6713,35.267,27.5684,33.23,0.993114655431839,0.921977129100211,1.04075233222991,1.00411074330424,0.923000300932892,1.06130003009329,0.829623833885044,1.32497068630493
"202","ISR_52",45.1626,47.8647,8219.73,42.1947,43.3265,6631.4,38.9583,51.1499,43.6853,44.22,1.02131614654003,1.08242198100407,0.954199457259159,0.97979421076436,0.881010854816825,1.15671415649028,0.987908186341022,1.23951654250988
"203","ISR_7",32.6529,41.4885,4439.09,34.4535,33.659,3500.4,23.8495,30.3052,31.3427,34.56,0.944817708333333,1.20047743055556,0.996918402777778,0.973929398148148,0.690089699074074,0.876886574074074,0.906906828703704,1.26816649525768
"204","ISR_70",41.4994,45.57,7841.78,45.2638,41.0401,5398.33,38.0532,46.6785,46.547,43.71,0.949425760695493,1.04255319148936,1.03554792953558,0.938917867764814,0.870583390528483,1.06791352093342,1.06490505605125,1.45263072098223
"205","ISR_8",41.6876,36.3231,7426.33,43.0113,38.32,5299.68,34.8912,38.5531,37.6063,39.4,1.05806091370558,0.921906091370558,1.09165736040609,0.97258883248731,0.88556345177665,0.978505076142132,0.95447461928934,1.40127894514386
"206","ISR_9",54.9245,53.0142,8868.96,50.7211,62.0519,7099.21,61.9086,52.0368,44.2306,56.92,0.964942023893183,0.931380885453268,0.891094518622628,1.09015987350668,1.08764230498946,0.914209416725228,0.777066057624736,1.24928830109266
"207","ISR_94",35.4836,41.681,7556.26,39.8794,45.1919,6014.27,31.1667,34.2534,42.2702,39.11,0.907276911275889,1.06573766300179,1.01967271797494,1.15550754282792,0.796898491434416,0.875822040398875,1.08080286371772,1.25638855588459
"208","ISR_97",40.8508,41.0301,5743.31,49.9962,39.6827,4388.76,32.4491,41.8747,34.397,40.79,1.00149056141211,1.00588624662908,1.22569747487129,0.972853640598186,0.795516057857318,1.02659230203481,0.843270409414072,1.30864070944868
"209","ISR_KU",66.8849,135.579,11780.7,70.1558,77.1643,9223.23,75.0984,66.6403,69.0313,71.99,0.929085984164467,1.88330323656063,0.974521461314071,1.07187526045284,1.04317821919711,0.925688290040283,0.958901236282817,1.27728572311435
"210","ITBA022201",96.0073,245.695,10582.4,92.1533,91.7523,7712.49,98.1238,94.0763,82.855,89.81,1.06900456519319,2.73571985302305,1.02609174924841,1.02162676762053,1.09257098318673,1.0475036187507,0.922558735107449,1.37211198977243
"211","ITBA022210",81.1931,82.7183,13278.6,79.2802,78.8725,9954.91,88.8877,83.9128,81.5058,83.98,0.96681471778995,0.984976184805906,0.944036675398904,0.939181948082877,1.05843891402715,0.999199809478447,0.970538223386521,1.33387443984928
"212","ITBA022213",94.3356,325.285,14632.4,90.6319,92.8147,10728.4,85.2593,94.2861,82.9127,90.03,1.04782405864712,3.61307341997112,1.00668554926136,1.03093080084416,0.947009885593691,1.04727424191936,0.920945240475397,1.36389396368517
"213","ITBA022218",104.791,97.7407,14791.1,92.9384,97.6478,10768.6,105.572,97.6962,87.8287,98.72,1.0614971636953,0.990080024311183,0.941434359805511,0.989138978930308,1.06940842787682,0.98962925445705,0.889674837925446,1.37353973589882
"214","ITBA022222",102.871,98.9126,12509,95.2312,101.491,9351.35,108.204,101.505,99.2784,101.56,1.01290862544309,0.973932650649862,0.937684127609295,0.99932059866089,1.06541945647893,0.999458448207956,0.977534462386766,1.3376678233624
"215","ITBA062301",27.2199,113.773,1812.74,20.9623,27.0834,1396.11,22.6933,19.6444,28,25.39,1.07207168176447,4.4810161480898,0.825612445844821,1.06669554942891,0.893788893265065,0.773706183536826,1.10279637652619,1.29842204410827
"216","ITBO052301",19.4117,18.039,1613.48,21.1294,21.456,1261.29,18.6053,20.1226,15.1911,20.58,0.943231292517007,0.876530612244898,1.02669582118562,1.04256559766764,0.904047619047619,0.977774538386783,0.738148688046647,1.27922999468798
"217","ITBO052302",23.2533,42.1742,2600.54,24.2977,22.657,2028.54,35.2072,25.6989,30.5239,26.41,0.880473305566073,1.59690268837562,0.920018932222643,0.857894736842105,1.33310109806891,0.973074592957213,1.15577054146157,1.28197619963126
"218","ITBO062201",34.9878,103.103,2666.38,35.0352,33.0493,1870.92,42.4444,32.9292,24.4679,35.54,0.984462577377603,2.90104108047271,0.985796285875071,0.929918401800788,1.19427124366911,0.926539110861002,0.688460889138998,1.4251705043508
"219","ITBO062202",33.0104,111.272,2509.66,27.9548,31.1702,1801.57,29.1377,27.3597,24.0511,30.86,1.06968243681141,3.60570317563189,0.905858716785483,1.0100518470512,0.944189889825016,0.886574854180169,0.779361633182113,1.39304051466221
"220","ITBO062203",29.0536,77.8447,2825.32,25.9196,30.8384,2054.29,28.1273,27.9183,27.7232,28.7,1.01232055749129,2.71235888501742,0.903121951219512,1.07450871080139,0.980045296167247,0.972763066202091,0.965965156794425,1.3753267552293
"221","ITBZ042301",16.3112,47.8955,1815.36,16.4121,22.3528,1312.28,17.3993,16.8392,18.4613,20.01,0.815152423788106,2.39357821089455,0.820194902548726,1.11708145927036,0.869530234882559,0.841539230384808,0.922603698150925,1.38336330661139
"222","ITCN042301",29.9452,82.8122,3425.15,33.8379,31.1222,2400.11,32.3681,28.6294,22.8781,29.94,1.00017368069472,2.76593854375418,1.13019038076152,1.03948563794255,1.08109886439546,0.95622578490314,0.764131596526386,1.4270804254805
"223","ITCN042302",27.9781,52.4613,3212.07,24.9259,26.0335,2469.12,24.5509,24.2916,27.1005,27.98,0.999932094353109,1.87495711222302,0.890847033595425,0.930432451751251,0.877444603288063,0.868177269478199,0.968566833452466,1.30089667573872
"224","ITCN052201",50.8971,128.297,2723.88,51.2864,45.0828,2215.58,62.2604,50.8488,41.2883,50.45,1.00886223984143,2.54305252725471,1.01657879088206,0.893613478691774,1.23410109018831,1.00790485629336,0.818400396432111,1.22942073858764
"225","ITCN052204",47.93,79.4306,3824.74,43.8555,46.4133,2963.98,46.8796,47.4959,52.2076,44.69,1.07249944059074,1.777368538823,0.981326918773775,1.03856119937346,1.04899530096218,1.06278585813381,1.16821660326695,1.29040681785977
"226","ITLE042301",21.8551,38.5027,2082.1,17.2977,20.1827,1549.71,21.25,20.1676,18.5222,19.78,1.10490899898888,1.94654701718908,0.874504550050556,1.02035894843276,1.07431749241658,1.01959555106168,0.936410515672396,1.34354169489775
"227","ITLI042201",42.1169,159.412,3622.86,43.1281,44.7076,2665.55,48.0486,46.485,36.9028,42.75,0.985190643274854,3.72893567251462,1.00884444444444,1.0457918128655,1.12394385964912,1.08736842105263,0.863223391812865,1.35914164056199
"228","ITLI052301",31.2345,115.184,3007.46,26.0528,32.2595,2208.95,32.9444,29.7575,37.6919,31.65,0.986872037914692,3.63930489731438,0.823153238546604,1.01925750394945,1.04089731437599,0.940205371248025,1.19089731437599,1.36148849000656
"229","ITMA052201",26.6632,106.419,2508.21,27.348,32.8029,1806.11,30.4861,26.2548,27.8353,29.5,0.903837288135593,3.60742372881356,0.927050847457627,1.11196271186441,1.03342711864407,0.889993220338983,0.943569491525424,1.3887360127567
"230","ITMA052208",33.014,62.7112,3028.27,35.9485,34.0263,2230.23,36.6644,36.8692,34.5288,37.22,0.886996238581408,1.68487909725954,0.965838259000537,0.914193981730253,0.985072541644277,0.990574959699086,0.927694787748522,1.35782856476686
"231","ITMA052213",35.4659,89.6486,2477.93,28.2726,31.7799,1704.27,32.6991,25.5259,30.3245,32.07,1.10589024009978,2.79540380417836,0.881590271281572,0.990954162768943,1.01961646398503,0.795943249142501,0.945572185843467,1.45395389228233
"232","ITSA052301",35.9476,59.5499,3873.67,36.4083,35.0821,2833.52,29.9352,39.0395,33.0115,34.03,1.05635027916544,1.74992359682633,1.0698883338231,1.03091683808404,0.879670878636497,1.14720834557743,0.970070526006465,1.36708758011237
"233","ITSA052302",30.6608,122.075,3142.27,37.9058,34.452,2319.78,35.8947,33.639,34.7562,34.07,0.899935427061931,3.58306427942471,1.1125858526563,1.01121221015556,1.05355738186087,0.987349574405636,1.02014088641033,1.3545551733354
"234","ITSA052303",20.3855,39.381,1961.56,21.5942,19.8745,1369.59,25.434,22.3978,22.6491,21.79,0.935543827443782,1.80729692519504,0.9910142267095,0.912092703074805,1.16723267553924,1.02789352914181,1.03942634235888,1.43222424229149
"235","JIW2",19.6443,40.9226,3282.15,22.9962,21.5946,2306.95,17.3843,21.4183,12.827,19.79,0.992637695805963,2.06784234461849,1.16201111672562,1.09118746841839,0.878438605356241,1.08227892875189,0.648155634158666,1.42272264244999
"236","LTKD062206",33.1815,140.761,4098.38,30.2613,33.4816,2869.97,36.6759,30.861,35.8699,30.81,1.0769717624148,4.56867900032457,0.982190847127556,1.08671210645894,1.19038948393379,1.0016553067186,1.16422914638105,1.42802189569926
"237","LTKD062208",38.8453,169.858,3561.33,36.8568,39.2884,2790.13,42.0856,30.3542,32.8402,37.23,1.04338705345152,4.56239591727102,0.989975825946817,1.05528874563524,1.13042170292775,0.815315605694333,0.882089712597368,1.27640289162154
"238","LTKD062215",30.732,114.197,3955.87,29.7324,31.8561,2811.43,33.3646,36.455,30.0346,31.24,0.983738796414853,3.65547375160051,0.951741357234315,1.01972151088348,1.06800896286812,1.16693341869398,0.961414852752881,1.40706686632781
"239","LTKD062218",34.9038,103.485,3090.78,31.0955,36.544,2214.42,39.2662,36.7411,35.1367,34.57,1.00965577089962,2.99349146658953,0.899493780734741,1.0571015331212,1.13584610934336,1.06280300838878,1.01639282614984,1.39575148345842
"240","LTKD062220",32.7314,60.062,1972.26,24.8103,30.707,1437.24,29.9456,29.2875,31.659,30.35,1.07846457990115,1.97897858319605,0.817472817133443,1.01176276771005,0.986675453047776,0.96499176276771,1.04313014827018,1.37225515571512
"241","LVAI062204",43.7935,186.312,4494.68,35.9799,44.2017,3276.02,38.3553,38.7384,39.2191,40.68,1.07653638151426,4.57994100294985,0.884461651917404,1.08657079646018,0.942853982300885,0.952271386430678,0.964088003933137,1.37199406597029
"242","LVAI062205",33.4775,142.855,4160.45,41.5126,38.7234,3091.56,36.1181,42.4864,29.3048,37.38,0.89559925093633,3.821696094168,1.11055644729802,1.03593900481541,0.966241305510968,1.13660781166399,0.783970037453183,1.34574454320796
"243","LVAI062232",28.2326,151.051,2797.93,31.4824,31.7378,1969.82,43.3067,29.7275,29.0988,33.25,0.849100751879699,4.54288721804511,0.946839097744361,0.95452030075188,1.30245714285714,0.89406015037594,0.875151879699248,1.42039881816613
"244","LVAI062233",45.0755,160.508,3426.36,39.1784,48.7352,2578.28,44.6933,38.8311,38.5107,42.14,1.06966065495966,3.80892263882297,0.929719981015662,1.1565068818225,1.0605908875178,0.921478405315615,0.913875177978168,1.32893246660564
"245","LVAI062234",27.5865,80.3083,2379.29,25.4862,28.9277,1744.01,30.1354,24.0422,21.1911,28.62,0.963888888888889,2.80602026554857,0.890503144654088,1.01075122292103,1.05294898672257,0.84004891684137,0.740429769392033,1.36426396637634
"246","LVAI062235",31.4866,80.3201,2299.69,30.4322,30.8436,1680.11,32.4201,26.8556,30.0659,29.46,1.06879158180584,2.72641208418194,1.03300067888663,1.04696537678208,1.10047861507128,0.911595383570944,1.02056687033265,1.36877347316545
"247","NCSU_EG_02_05",18.3745,19.886,2324.14,18.5503,20.6235,2077.39,26.1366,26.2561,18.0708,21.04,0.873312737642586,0.945152091254753,0.88166825095057,0.980204372623574,1.24223384030418,1.24791349809886,0.858878326996198,1.11877885230987
"248","NCSU_EG_02_12",23.0615,27.1447,2314.89,24.343,23.8555,2097.22,22.0498,27.0777,24.3213,23.74,0.971419545071609,1.14341617523168,1.025400168492,1.0048652064027,0.928803706823926,1.14059393428812,1.02448609941028,1.1037897788501
"249","NCSU_EG_02_19",27.5755,28.7348,3208.57,28.2902,31.7273,2833.86,38.6551,34.4264,26.4201,24.87,1.10878568556494,1.15540008041817,1.13752312022517,1.27572577402493,1.55428628870125,1.38425412143144,1.06232810615199,1.13222600975348
"250","NCSU_EG_03_02",29.8861,28.0662,2980.26,24.8141,27.0512,2519.02,37.5417,31.9564,26.5898,26.65,1.1214296435272,1.05314071294559,0.931110694183865,1.01505440900563,1.40869418386492,1.19911444652908,0.997741088180113,1.18310295273559
"251","NCSU_EG_03_05",23.38,24.6243,2748.19,21.3543,22.73,2300.19,23.2234,23.3965,19.1763,20.19,1.1579990094106,1.21962852897474,1.05766716196137,1.12580485388806,1.15024269440317,1.15881624566617,0.949791976225854,1.19476651928754
"252","NCSU_EG_03_06",27.4324,27.4389,2686.33,28.6935,22.3495,2314.62,32.7315,29.7493,30.7002,26.81,1.02321521820216,1.02345766505035,1.07025363670272,0.833625512868333,1.22086907870198,1.10963446475196,1.14510257366654,1.16059223544253
"253","NCSU_EG_03_07",26.5652,22.2132,2892.52,19.8329,24.4514,2542.21,25.8461,23.2725,23.1367,22.58,1.17649247121346,0.983755535872454,0.87833923826395,1.08287865367582,1.14464570416298,1.03066873339238,1.0246545615589,1.1377974282219
"254","NCSU_EG_04_02",19.4306,36.9646,2168.61,14.5389,16.6347,1933.22,23.3171,20.2153,15.1746,19.61,0.990851606323304,1.88498725140235,0.741402345741968,0.848276389597144,1.1890413054564,1.03086690464049,0.773819479857216,1.12176058596538
"255","NCSU_EG_04_04",21.447,20.9663,2429.47,16.8103,22.4987,2109.18,17.7951,20.8787,15.5947,17.46,1.22835051546392,1.20081901489118,0.962789232531501,1.28858533791523,1.01919243986254,1.1958018327606,0.893167239404353,1.15185522335694
"256","NCSU_EG_04_07",22.2564,46.0845,2837.83,15.5402,20.9757,2561.49,23.0787,24.2575,20.5008,19.09,1.16586694604505,2.41406495547407,0.814049240440021,1.09877946568884,1.20894185437402,1.27069146149817,1.07390256678889,1.10788252150116
"257","NCSU_EG_04_14",20.5956,18.2493,2405.43,13.4698,16.9047,2153.05,24.2442,18.8433,13.084,17.06,1.20724501758499,1.06971277842907,0.789554513481829,0.990896834701055,1.42111371629543,1.10453106682298,0.76694021101993,1.1172197580177
"258","NCSU_EG_04_16",27.5006,27.2191,2908.11,19.3053,22.5828,2526.77,32.8553,23.252,23.1895,24.09,1.14157741801577,1.12989207139892,0.801382316313823,0.937434620174346,1.36385637193856,0.965213781652138,0.962619344126193,1.15091994918414
"259","NCSU_EG_04_18",16.5633,37.2115,2365.14,19.657,16.9698,2028.14,18.9051,13.8079,14.2735,16.11,1.02813780260708,2.30983860955928,1.22017380509001,1.05337057728119,1.1735009310987,0.857101179391682,0.886002482929857,1.16616209926336
"260","NCSU_EG_05_10",19.0554,37.3018,2666.42,16.0829,15.9166,2285.66,20.1366,21.5749,16.0412,17.81,1.06992700729927,2.09443009545199,0.903026389668725,0.893688938798428,1.13063447501404,1.211392476137,0.900685008422235,1.16658645642834
"261","NCSU_EG_05_11",17.4263,15.9492,2054.82,12.4975,18.3285,1784.7,21.7454,21.4346,14.3657,16.7,1.04349101796407,0.955041916167665,0.748353293413174,1.09751497005988,1.30211976047904,1.28350898203593,0.860221556886228,1.15135316859976
"262","NCSU_EG_05_13",19.665,19.8872,2339.38,20.9259,18.2812,1962.01,21.3206,23.8106,21.0478,19.6,1.00331632653061,1.01465306122449,1.06764795918367,0.932714285714286,1.08778571428571,1.21482653061224,1.07386734693878,1.19233846922289
"263","NCSU_EG_05_17",20.6273,21.4684,1874.89,18.0013,18.0756,1582.11,27.0301,21.342,19.453,19.81,1.04125694093892,1.0837152953054,0.908697627460878,0.912448258455326,1.36446744068652,1.07733467945482,0.981978798586572,1.18505666483367
"264","NCSU_EG_05_18",21.2436,24.0413,2923.89,19.3241,18.3844,2560.32,29.5336,24.1281,14.3806,17.09,1.24304271503803,1.40674663545933,1.13072557050907,1.07574019894675,1.72812170860152,1.41182562902282,0.841462843768286,1.14200178102737
"265","NCSU_EG_05_24",22.3021,46.225,3094.04,21.8367,22.067,2733.45,22.3333,20.4537,16.486,21.98,1.0146542311192,2.10304822565969,0.993480436760692,1.00395814376706,1.0160737033667,0.930559599636033,0.750045495905369,1.131917540105
"266","NCSU_EG_06_18",24.7509,29.469,3226.87,27.7726,21.4941,2783.41,24.8657,25.5559,23.5931,24.08,1.02786129568106,1.22379568106312,1.15334717607973,0.892612126245847,1.03262873754153,1.0612915282392,0.979779900332226,1.15932255758225
"267","NCSU_EG_07_15",21.4629,23.0573,2590.02,16.8178,22.5854,2116.82,24.691,22.9864,23.9341,21.49,0.998738948348069,1.07293159609121,0.782587249883667,1.05097254536994,1.148953001396,1.06963238715682,1.11373196835738,1.223542861462
"268","NCSU_EG_07_18",21.0505,41.723,2810.82,17.8593,21.8449,2443.58,22.0058,19.4537,19.8847,19.42,1.08395983522142,2.14845520082389,0.919634397528321,1.12486611740474,1.13315139031926,1.00173532440783,1.0239289392379,1.15028769264767
"269","NCSU_EG_07_21",20.8356,21.0951,2530.78,14.5364,20.0329,2158.53,19.0822,19.6308,16.5684,16.35,1.27434862385321,1.29022018348624,0.889076452599388,1.22525382262997,1.16710703363914,1.20066055045872,1.01335779816514,1.17245532839479
"270","NCSU_EG_07_22",25.9842,50.834,3280.45,25.1256,17.4941,2860.28,25.2523,24.7071,21.1763,20.11,1.29210343112879,2.52779711586276,1.2494082545997,0.869920437593237,1.25570860268523,1.22859771258081,1.05302337145699,1.14689820577006
"271","NCSU_EG_07_23",20.3453,18.2002,2581.89,18.0603,16.8528,2143.41,24.4329,21.1253,17.8517,18.13,1.12218974076117,1.00387203530061,0.996155543298401,0.929553226696084,1.34765030336459,1.16521235521236,0.984649751792609,1.20457122062508
"272","NCSU_EG_08_02",26.1212,23.2575,3190.11,26.4497,21.3239,2719.58,25.6667,31.9183,23.5025,24.32,1.0740625,0.956311677631579,1.08756990131579,0.87680509868421,1.05537417763158,1.31243009868421,0.966385690789474,1.17301568624567
"273","NCSU_EG_08_03",32.2266,58.5192,3466.34,28.853,29.7707,3050,33.2685,28.0191,28.3213,26.16,1.23190366972477,2.23697247706422,1.10294342507645,1.13802370030581,1.27173165137615,1.07106651376147,1.08261850152905,1.13650491803279
"274","NCSU_EG_08_04",24.676,22.4879,2600.07,20.0565,21.0887,2246.23,26.0741,24.1989,20.8699,20.14,1.22522343594836,1.11657894736842,0.995854021847071,1.04710526315789,1.29464250248262,1.20153426017875,1.03624131082423,1.15752616606492
"275","NCSU_EG_08_05",28.095,33.1689,3048.56,26.7136,26.8016,2544.54,32.7963,30.0463,22.6853,28.65,0.980628272251309,1.1577277486911,0.932411867364747,0.935483420593368,1.14472251308901,1.04873647469459,0.791808027923211,1.19807902410652
"276","NCSU_EG_08_06",32.3155,68.0567,3796.71,29.858,34.8055,3320.83,38.5023,35.6076,30.8517,29.35,1.10103918228279,2.31879727427598,1.01730834752981,1.18587734241908,1.31183304940375,1.21320613287905,1.05116524701874,1.14330152401659
"277","NCSU_EG_08_07",27.4732,27.6728,3315.98,20.9673,23.7372,2870.58,31.9502,31.8093,26.5601,23.55,1.16659023354565,1.17506581740977,0.890331210191083,1.00794904458599,1.35669639065817,1.35071337579618,1.12781740976645,1.15516028119753
"278","NCSU_EG_08_08",22.6102,20.2262,2254.71,18.3606,18.205,1844.46,23.3715,21.1621,18.145,17.83,1.26809871003926,1.13439147504206,1.02975883342681,1.02103196859226,1.31079641054403,1.18688166012339,1.0176668536175,1.22242282294005
"279","NCSU_EG_08_09",23.8051,57.4359,2865.93,21.2726,21.908,2416.25,29.6308,25.9578,20.2586,19.41,1.22643482740855,2.95908809891808,1.0959608449253,1.12869654817105,1.52657393096342,1.33734157650696,1.04371973209686,1.18610657009829
"280","NCSU_EG_08_16",21.6468,38.2197,2944.21,21.2211,18.4842,2531,26.3762,23.9496,15.7166,17.45,1.24050429799427,2.19024068767908,1.21610888252149,1.0592664756447,1.51153008595989,1.37246991404011,0.900664756446991,1.1632595811932
"281","NCSU_EG_08_19",18.4281,23.381,2443.25,18.9447,19.0269,2049.26,29.5903,20.0954,15.5997,19.19,0.96029702970297,1.21839499739448,0.987217300677436,0.991500781657113,1.54196456487754,1.04718082334549,0.812907764460657,1.192259644945
"282","NCSU_RU_02_11",38.5639,142.034,3497.98,31.4724,37.4534,2967.17,39.2373,37.2752,39.7018,38.89,0.9916148110054,3.65219850861404,0.80926716379532,0.963059912573927,1.00893031627668,0.958477757778349,1.02087426073541,1.17889436736014
"283","NCSU_RU_02_15",31.6602,107.669,3515.78,26.5867,28.3495,2980.56,29.9537,28.3896,24.5239,28.3,1.11873498233216,3.80455830388693,0.939459363957597,1.00174911660777,1.05843462897527,1.00316607773852,0.86656890459364,1.17957028209464
"284","NCSU_RU_02_22",39.4732,135.998,3190.96,38.3518,37.7431,2691.5,32.6829,34.4046,32.8204,35.71,1.1053822458695,3.80840100812097,1.0739792775133,1.05693363203584,0.915231027723327,0.9634444133296,0.919081489778773,1.18556938510124
"285","NCSU_RU_03_22",26.5493,55.9149,2970.64,30.858,24.0828,2584.25,32.1192,30.5872,22.5288,26.3,1.00947908745247,2.12604182509506,1.17330798479087,0.915695817490494,1.22126235741445,1.16301140684411,0.856608365019011,1.14951726806617
"286","NCSU_RU_04_12",28.1011,78.534,2918.38,28.5063,27.182,2555.65,31.6227,30.8665,23.855,28.62,0.981869322152341,2.7440251572327,0.996027253668763,0.949755415793152,1.10491614255765,1.07849406009783,0.833508036338225,1.14193258075245
"287","NCSU_RU_05_08",28.2637,47.7265,2768.91,22.2902,28.8403,2334.67,25.2674,28.7084,21.2867,24.48,1.15456290849673,1.94961192810458,0.910547385620915,1.17811683006536,1.03216503267974,1.17272875816993,0.869554738562091,1.18599630782937
"288","NCSU_RU_05_19",36.3983,65.0626,4146.63,29.5038,31.5329,3404.62,29.4444,31.8842,27.4811,32.45,1.12167334360555,2.00501078582435,0.909208012326656,0.971738058551618,0.90737750385208,0.982563944530046,0.846875192604006,1.21794209045356
"289","NCSU_RU_06_11",16.7613,77.4448,1894.77,24.3505,20.433,1443.11,17.3831,17.1839,19.2356,17.99,0.931700944969427,4.30488048916065,1.3535575319622,1.13579766536965,0.966264591439689,0.955191773207338,1.06923846581434,1.31297683475272
"290","NCSU_TR_01_01",18.9549,37.5292,2092.75,20.3543,17.3016,1895.84,26.1354,17.9169,21.5437,16.83,1.12625668449198,2.22989898989899,1.20940582293523,1.02802139037433,1.5529055258467,1.06458110516934,1.28007724301842,1.10386425014769
"291","NCSU_TR_01_02",29.0731,48.3739,3088.09,22.2977,25.1511,2606.86,29.6435,28.752,23.8929,25.29,1.14958877026493,1.91276789244761,0.881680506128905,0.994507710557533,1.17214313958086,1.13689205219454,0.944756820877817,1.18460139785029
"292","NCSU_TR_01_03",18.8112,47.1063,2060.5,18.8354,18.3463,1799.36,22.2593,15.2738,17.3657,18.6,1.01135483870968,2.53259677419355,1.01265591397849,0.986360215053763,1.19673655913978,0.821172043010753,0.933639784946237,1.14512937933487
"293","NCSU_TR_01_08",18.6961,16.2056,1906.8,11.8681,19.0191,1640.46,20.1053,19.1553,14.9918,16.59,1.12694996986136,0.976829415310428,0.71537673297167,1.14641952983725,1.21189270644967,1.15462929475588,0.903664858348403,1.16235689989393
"294","NCSU_TR_01_10",19.9884,19.212,1818.59,12.3643,17.366,1629.81,21.397,17.3256,17.6491,16.38,1.22029304029304,1.17289377289377,0.75484126984127,1.06019536019536,1.30628815628816,1.05772893772894,1.07747863247863,1.11582945251287
"295","NCSU_TR_01_17",21.7826,79.2971,1961.31,15.9912,19.5243,1709.65,23.4016,21.9932,18.5535,20.24,1.07621541501976,3.91784090909091,0.790079051383399,0.964639328063241,1.15620553359684,1.08662055335968,0.916674901185771,1.14719971924078
"296","NCSU_TR_01_18",17.3636,84.8559,1735.6,17.6872,16.1859,1427,19.0475,22.5204,20.0527,18.16,0.956145374449339,4.67268171806167,0.973964757709251,0.891294052863436,1.04887114537445,1.24011013215859,1.10422356828194,1.21625788367204
"297","NCSU_TR_01_19",17.5018,53.5233,2140.01,14.6872,17.6229,1920.91,20.7812,19.6158,17.196,17.24,1.01518561484919,3.10459976798144,0.851925754060325,1.02220997679814,1.2054060324826,1.13780742459397,0.997447795823666,1.11406052339776
"298","NCSU_TR_01_20",21.5518,100.819,2525.17,19.0955,21.1051,2153.66,24.0289,20.1757,22.9193,22.16,0.972554151624549,4.54959386281588,0.861710288808664,0.952396209386282,1.08433664259928,0.910455776173285,1.03426444043321,1.17250169478934
"299","NCSU_TR_02_01",28.841,48.8175,2956.13,24.2236,20.2549,2556.48,24.9294,25.7316,23.2916,24.05,1.19920997920998,2.02983367983368,1.0072182952183,0.842199584199584,1.03656548856549,1.069920997921,0.968465696465696,1.15632823256978
"300","NCSU_TR_02_02",30.0646,111.858,2422.73,23.8191,25.6248,2091.65,30.8819,31.4619,21.7331,27.46,1.09485069191551,4.07348871085215,0.867410779315368,0.933168244719592,1.12461398397669,1.14573561544064,0.791445739257101,1.15828652021132
"301","NCSU_TR_02_04",24.947,70.1087,1845.92,20.9686,19.9711,1583.39,19.9306,21.4251,21.4185,21.87,1.14069501600366,3.20570187471422,0.958783721993598,0.913173296753544,0.911321444901692,0.979657064471879,0.979355281207133,1.16580248706888
"302","NCSU_TR_02_09",45.1248,117.368,3450.27,42.3254,43.0079,2992.06,46.8356,41.3229,40.7133,38.42,1.17451327433628,3.05486725663717,1.10165018219677,1.11941436751692,1.21904216553878,1.07555700156169,1.05969026548673,1.15314198244688
"303","NCSU_TR_02_10",27.1041,108.073,2619.49,22.2249,26.2306,2215.01,35.7951,30.9373,20.575,25.32,1.07046208530806,4.2682859399684,0.877760663507109,1.03596366508689,1.41370853080569,1.22185229067931,0.812598736176935,1.18260865639433
"304","NCSU_TR_02_13",30.7186,28.4335,2937.66,23.7513,23.0762,2584.03,30.6134,28,24.3822,26.7,1.15050936329588,1.06492509363296,0.889561797752809,0.864277153558052,1.14656928838951,1.04868913857678,0.913191011235955,1.1368521263298
"305","NCSU_TR_02_14",25.6462,103.783,3214.68,24.8832,29.0788,2917.11,28.0312,24.9782,20.6096,26.63,0.963056702966579,3.89722117912129,0.934404806609088,1.09195644010514,1.05261734885468,0.937972211791213,0.773924145700338,1.1020084947088
"306","NCSU_TR_02_16",32.9166,125.537,3697.29,32.2073,29.4882,3271.34,38.3356,33.7793,26.9934,29.37,1.12075587334014,4.27432754511406,1.09660537963909,1.00402451481103,1.30526387470208,1.15012938372489,0.919080694586313,1.13020658201226
"307","NCSU_TR_02_17",29.3532,140.127,3552.46,23.7362,27.6905,3161.42,30.3773,32.9223,21.3888,24.56,1.19516286644951,5.70549674267101,0.966457654723127,1.12746335504886,1.23686074918567,1.3404845276873,0.870879478827362,1.12369125266494
"308","NCSU_TR_02_18",39.2515,35.9273,3818.48,30.5716,38.1478,3393.95,42.3345,40.282,36.0478,30.59,1.28314808761033,1.17447858777378,0.999398496240602,1.24706766917293,1.38393265773128,1.31683556717882,1.17841778358941,1.12508434125429
"309","NCSU_TR_02_20",35.0822,109.04,4218.88,33.1005,38.7365,3713.32,40.3519,36.3174,29.2685,32.66,1.07416411512554,3.33864053888549,1.01348744641764,1.18605327617881,1.23551439069198,1.11198407838334,0.89615737905695,1.13614770609589
"310","NCSU_TR_02_21",30.8429,120.976,3948.92,24.5264,28.3555,3444.4,33.2546,28.6308,21.0247,27.03,1.14106178320385,4.475619681835,0.907376988531261,1.04903810580836,1.23028486866445,1.0592230854606,0.777828338882723,1.14647543839275
"311","NCSU_TR_02_23",32.0974,141.661,3529.94,30.2739,28.4823,3102.42,29.2847,32.9482,29.8237,30.16,1.0642374005305,4.69698275862069,1.00377652519894,0.944373342175066,0.970978116710875,1.09244694960212,0.988849469496021,1.13780210287453
"312","NCSU_TR_03_01",30.0463,156.553,2837.07,24.7965,29.4954,2414.59,30.5891,29.654,27.5371,28.05,1.07116934046346,5.58121212121212,0.884010695187166,1.05152941176471,1.09052049910873,1.05718360071301,0.981714795008913,1.17496966358678
"313","NCSU_TR_03_03",34.2996,28.3337,3182.39,30.8241,33.3903,2833.73,33.9444,29.515,27.5074,29.76,1.15254032258064,0.952073252688172,1.0357560483871,1.12198588709677,1.14060483870968,0.99176747311828,0.924307795698925,1.12303924509392
"314","NCSU_TR_03_11",20.3959,80.7513,2775,20.0691,16.2385,2340.94,25.1169,19.3719,19.1433,19.32,1.0556884057971,4.17967391304348,1.03877329192547,0.840502070393375,1.30004658385093,1.00268633540373,0.990854037267081,1.18542124103992
"315","NCSU_TR_03_13",18.634,99.873,2196.73,20.3631,17.8607,1939.62,18.2211,14.5872,16.9506,17.07,1.09162272993556,5.85079086115993,1.19291739894552,1.04632103104862,1.06743409490334,0.854551845342706,0.993005272407733,1.13255689258721
"316","NCSU_TR_03_14",16.9732,20.9415,2247.38,17.907,20.1294,1960.01,16.235,19.2262,14.8797,16.92,1.00314420803782,1.23767730496454,1.05833333333333,1.18968085106383,0.95951536643026,1.13630023640662,0.879414893617021,1.1466165988949
"317","NCSU_TR_03_16",24.0158,101.649,2176.2,23.6256,22.9376,1880.77,28.9352,26.5177,21.1087,22.12,1.08570524412297,4.59534358047016,1.0680650994575,1.03696202531646,1.30810126582278,1.19881103074141,0.954281193490054,1.15707928135817
"318","NCSU_TR_03_17",15.1364,73.9315,1694.92,11.8844,14.8791,1405.98,17.9884,15.6485,10.6474,16.25,0.931470769230769,4.54963076923077,0.731347692307692,0.915636923076923,1.10697846153846,0.962984615384615,0.655224615384615,1.20550790196162
"319","NCSU_TR_03_19",17.9068,18.5718,2190.1,16.9887,15.0598,1884.08,18.6644,18.9101,16.2998,18.05,0.99206648199446,1.02890858725762,0.941202216066482,0.834337950138504,1.03403878116343,1.04765096952909,0.903036011080332,1.16242410088744
"320","NCSU_TR_03_20",32.0579,195.966,2882.43,27.2198,35.5506,2407.28,39.9468,34.158,30.7199,31.03,1.03312600708991,6.31537222043184,0.877209152433129,1.14568482114083,1.28736061875604,1.10080567193039,0.990006445375443,1.19738044598053
"321","NCSU_TR_03_23",24.2229,68.0207,2940.42,25.745,22.3187,2643.95,26.3275,25.5368,26.4646,23.37,1.03649550706033,2.91059905862217,1.10162601626016,0.955014976465554,1.12655113393239,1.09271715875053,1.13241762943945,1.11213146995972
"322","NCSU_TR_04_01",20.4836,55.1672,2529.35,17.3405,17.7109,2155.24,20.2373,18.9319,19.7018,18.89,1.08436209634727,2.92044467972472,0.917972472207517,0.937580730545262,1.07132345156167,1.00221810481736,1.04297511911064,1.17358159648113
"323","NCSU_TR_04_03",24.7558,53.3969,2861.47,28.147,26.9461,2541.26,30.9306,22.2575,26.6672,24.73,1.0010432672867,2.15919530934088,1.13817226041245,1.08961180752123,1.25073190456935,0.900020218358269,1.07833400727861,1.12600442300276
"324","NCSU_TR_04_05",22.8276,119.952,2799.25,22.2952,24.3042,2451.9,24.7234,19.5777,26.5453,23.54,0.969736618521665,5.09566694987256,0.947119796091759,1.03246389124894,1.05027187765506,0.831677994902294,1.12766779949023,1.14166564704923
"325","NCSU_TR_04_06",27.9817,90.9852,2381.97,25.2487,24.205,1974.48,28.2836,26.6226,26.2521,24.44,1.14491407528642,3.72279869067103,1.03308919803601,0.990384615384615,1.15726677577741,1.08930441898527,1.07414484451718,1.20637838823386
"326","NCSU_TR_04_08",24.8362,63.4454,2518.75,23.2198,19.5756,2147.4,22.6053,24.782,22.682,22.14,1.12177958446251,2.86564588979223,1.04877145438121,0.884173441734417,1.0210162601626,1.1193315266486,1.02448057813911,1.17293005495017
"327","NCSU_TR_04_09",23.9099,69.4111,3084.64,20.2651,20.6991,2694.39,29.3426,27.2125,22.7924,24.38,0.98071780147662,2.84705086136177,0.831218211648893,0.849019688269073,1.20355209187859,1.11618129614438,0.934881050041017,1.14483797816946
"328","NCSU_TR_04_10",28.7314,30.049,2780.14,30.206,29.3528,2440.04,25.5023,25.8338,22.5865,27.58,1.04174764321972,1.08952139231327,1.0952139231327,1.0642784626541,0.924666424945613,0.936686004350979,0.81894488759971,1.13938296093507
"329","NCSU_TR_04_17",18.1998,77.4737,2650.04,16.9485,21.021,2276.07,21.735,20.9128,18.6755,19.9,0.914562814070352,3.89315075376884,0.851683417085427,1.05633165829146,1.09221105527638,1.05089447236181,0.938467336683417,1.16430514000009
"330","NCSU_TR_04_19",18.74,18.2292,1989.52,16.1168,13.82,1761.38,20.272,21.7929,16.7759,18.41,1.01792504073873,0.990179250407387,0.875437262357414,0.750678978815861,1.10114068441065,1.18375339489408,0.91123845736013,1.12952344184673
"331","NCSU_TR_04_22",25.0512,55.2882,2629.35,23.5314,23.4928,2385.77,28.2292,32.4387,23.2224,25.94,0.965736314572089,2.13138781804163,0.907147262914418,0.905659213569776,1.08824980724749,1.25052814186584,0.895235158057055,1.10209701689601
"332","NCSU_TR_04_23",29.2241,109.361,3247.77,24.6784,26.205,2853.2,26.2025,29.5354,25.6573,25.06,1.16616520351157,4.36396648044693,0.984772545889864,1.04569034317638,1.04559058260176,1.17858739026337,1.02383479648843,1.13829034067012
"333","NCSU_TR_04_24",26.1681,68.2463,2919.05,26.6884,23.684,2546.35,23.603,31.1935,18.9769,23.38,1.11925149700599,2.91900342172797,1.14150556030796,1.01300256629598,1.0095380667237,1.33419589392643,0.811672369546621,1.1463663675457
"334","NCSU_TR_05_01",26.6979,54.1305,3017.84,27.4962,24.6741,2637.2,28.6493,28.2384,22.7957,27.27,0.979020902090209,1.98498349834983,1.00829482948295,0.904807480748075,1.05057939127246,1.03551155115512,0.835925925925926,1.14433490065221
"335","NCSU_TR_05_02",37.422,62.7171,3461.52,29.7136,30.7037,3073.86,30.934,31.4564,33.4827,30.48,1.22775590551181,2.05764763779528,0.974855643044619,1.00733923884514,1.01489501312336,1.03203412073491,1.09851377952756,1.12611504752982
"336","NCSU_TR_05_03",26.5524,56.3201,3798.84,21.3807,25.9166,3341.09,33.9178,32.3856,24.2784,24.24,1.09539603960396,2.32343646864686,0.882042079207921,1.06916666666667,1.39924917491749,1.3360396039604,1.00158415841584,1.13700618660377
"337","NCSU_TR_05_04",32.391,34.5682,3186.69,29.8907,31.8673,2804.02,37.0278,31.3215,28.1614,30.45,1.06374384236453,1.13524466338259,0.981632183908046,1.04654515599343,1.2160197044335,1.02862068965517,0.924840722495895,1.13647192245419
"338","NCSU_TR_05_05",37.2789,142.71,3756.2,33.5905,33.6866,3258.69,43.1204,46.7684,35.6557,34.45,1.08211611030479,4.14252539912917,0.975050798258345,0.977840348330914,1.25168069666183,1.3575732946299,1.03499854862119,1.15267177915052
"339","NCSU_TR_05_06",22.5792,104.106,3214.67,23.549,25.2398,2669.09,30.2905,25.1962,23.4778,26.56,0.850120481927711,3.91965361445783,0.886634036144578,0.950293674698795,1.14045557228916,0.948652108433735,0.883953313253012,1.20440674537014
"340","NCSU_TR_05_07",22.8447,68.2634,2581.32,24.1746,23.1518,2266.5,25.7188,21.9646,19.2488,22.33,1.02304970891178,3.05702642185401,1.08260635915808,1.03680250783699,1.15175996417376,0.983636363636364,0.862015226153157,1.13890138980807
"341","NCSU_TR_05_15",28.6431,74.3904,3030.6,23.5138,25.3371,2723.32,23.2639,29.0913,26.8303,24.58,1.16530105777055,3.02646053702197,0.956623270951994,1.03080146460537,0.946456468673718,1.18353539462978,1.09155004068348,1.11283286576678
"342","NCSU_TR_05_20",23.38,21.4725,2520.93,22.6457,20.1097,2201.73,32.2523,27.5054,20.9605,24.5,0.954285714285714,0.876428571428571,0.924314285714286,0.820804081632653,1.31642040816327,1.1226693877551,0.855530612244898,1.14497690452508
"343","NCSU_TR_05_22",33.9549,66.6048,2447.58,26.6947,34.0992,2111.6,38.0336,37.2452,24.6491,33.04,1.0276906779661,2.01588377723971,0.807950968523003,1.03205811138015,1.15113801452785,1.12727602905569,0.74603813559322,1.15911157416177
"344","NCSU_TR_06_05",26.3691,144.216,2663.83,20.6193,25.0913,2388.05,28.0312,21.7575,26.0016,21.71,1.21460617227084,6.64283740211884,0.949760479041916,1.15574850299401,1.29116536158452,1.00218793182865,1.1976784891755,1.11548334415109
"345","NCSU_TR_06_10",31.4519,155.9,2676.5,28.505,28.2674,2345.01,31.7037,31.3406,25.1944,28.34,1.10980592801694,5.50105857445307,1.00582215949188,0.997438249823571,1.1186908962597,1.10587861679605,0.889004940014114,1.141359738338
"346","NCSU_TR_06_12",25.1967,56.1536,2732.81,24.4209,28.889,2366.73,32.2523,30.8147,28.743,25.75,0.978512621359223,2.18072233009709,0.948384466019418,1.12190291262136,1.25251650485437,1.19668737864078,1.11623300970874,1.15467755088244
"347","NCSU_TR_06_13",30.9805,59.7696,2811.82,26.7714,31.412,2494.35,32.4167,27.3079,24.8089,28.07,1.10368721054507,2.12930530815818,0.953737085856787,1.11905949412184,1.15485215532597,0.972850017812611,0.883822586391165,1.12727564295307
"348","NCSU_TR_06_14",35.0621,194.125,3233.43,30.0201,34.753,2687.57,41.2141,31.4196,27.397,27.19,1.28952188304524,7.13957337256344,1.10408606105186,1.27815373299007,1.5157815373299,1.15555719014343,1.00761309304891,1.20310540748706
"349","NCSU_TR_06_15",20.9562,21.0473,2178.01,18.3857,22.138,1851.89,24.463,25.8365,27.7611,23.79,0.880882723833543,0.884712063892392,0.772833123160992,0.930559058427911,1.02828919714166,1.08602353930223,1.16692307692308,1.17610117231585
"350","NCSU_TR_06_16",39.5639,102.957,3750.86,36.8819,36.0256,3326.65,43.2188,29.7902,35.3361,32.92,1.20181956257594,3.12749088699878,1.12034933171324,1.09433778857837,1.3128432563791,0.904927095990279,1.07339307411908,1.12751867494326
"351","NCSU_TR_06_17",27.2375,55.2894,2849.15,25.4234,24.4665,2394.13,29.1701,28.7997,22.0791,25.7,1.05982490272374,2.15133852140078,0.989237354085603,0.952003891050584,1.1350233463035,1.12061089494163,0.859108949416342,1.19005651322192
"352","NLNI042202",40.4653,101.86,2894.54,29.6859,34.5131,2139.24,37.765,36.8038,35.2586,36.86,1.09781063483451,2.76342919153554,0.805368963646229,0.936329354313619,1.02455236028215,0.998475311991319,0.956554530656538,1.35306931433593
"353","NLNI042203",27.975,81.6409,3522.55,25.1156,25.7011,2499.88,32.7199,34.7098,32.1433,31.25,0.8952,2.6125088,0.8036992,0.8224352,1.0470368,1.1107136,1.0285856,1.40908763620654
"354","NLTX072301",24.9019,101.016,3642.03,26.8995,22.5283,2717.13,27.3947,26.1417,31.4613,27.25,0.91383119266055,3.70700917431193,0.987137614678899,0.826726605504587,1.00531009174312,0.959328440366973,1.15454311926606,1.34039593247287
"355","NLTX072302",21.4653,93.8447,2143.08,21.3204,25.1294,1583.02,24.3484,20.1049,23.3871,24.14,0.889200497100249,3.88751864125932,0.883198011599006,1.04098591549296,1.00863297431649,0.832845898922949,0.968811101905551,1.35379211886142
"356","PLBA092301",28.4878,98.3196,2805.54,24.951,25.0007,2107.31,27.4363,25.9864,33.6969,25.85,1.10204255319149,3.80346615087041,0.965222437137331,0.967145067698259,1.06136557059961,1.00527659574468,1.30355512572534,1.33133710749724
"357","PLBA092305",24.6267,64.6356,3189.16,19.1847,23.5269,2319.83,28.2766,23.9659,18.9077,24.51,1.00476132190942,2.63711138310893,0.782729498164015,0.959889840881273,1.1536760505916,0.977800897592819,0.771427988576091,1.37473866619537
"358","PLBI082201",30.757,135.382,2892.53,23.0176,33.5112,2254.54,32.309,28.7684,26.1532,32.15,0.956671850699845,4.21094867807154,0.71594401244168,1.04233903576983,1.00494556765163,0.894818040435459,0.81347433903577,1.28298012011319
"359","PLCZ072206",27.5853,99.3999,2652.54,24.4962,28.1281,1890.01,28.7894,27.6717,18.6804,26.49,1.0413476783692,3.75235560588902,0.924733861834655,1.06183842959607,1.08680256700642,1.04460928652322,0.705186862967157,1.40345289178364
"360","PLCZ072210",30.2814,58.0189,3828.18,26.593,25.1261,2759.6,38.6644,27.812,30.1812,30.22,1.00203176704169,1.91988418266049,0.879980145598941,0.83143944407677,1.27943084050298,0.920317670416942,0.998716082064858,1.387222785911
"361","PLCZ072212",29.3709,84.2634,1995.26,29.4711,28.1078,1407.26,31.2141,29.2084,30.6458,33.39,0.8796316262354,2.52361185983828,0.882632524707996,0.841802935010482,0.934833782569632,0.87476489967056,0.917813716681641,1.4178332362179
"362","PLCZ072215",31.8155,93.8576,4292.45,33.2098,33.2089,3075,31.1366,34.3624,30.3196,33.52,0.949149761336515,2.8000477326969,0.990745823389021,0.990718973747017,0.928896181384248,1.02513126491647,0.904522673031026,1.39591869918699
"363","PLCZ072305",20.8867,58.1494,2166.22,21.1344,18.4192,1610.18,21.3021,18.1376,23.4217,21.11,0.989422074846045,2.75459024159166,1.00115585030791,0.872534343912838,1.00909995262909,0.859194694457603,1.10950734249171,1.34532785154455
"364","PLCZ072306",26.0609,64.9551,2360.51,23.2965,26.6649,1721.93,23.6181,27.3501,28.3608,25.83,1.00893921796361,2.51471544715447,0.90191637630662,1.03232288037166,0.914367015098722,1.05885017421603,1.09797909407666,1.37085131219039
"365","PLKB092305",31.5213,52.14,4090.03,30.6106,33.1078,3039.92,26.9317,28.921,27.2817,28.39,1.11029587883057,1.83656216977809,1.07821768228249,1.16617823177175,0.94863332159211,1.01870376893272,0.960961606199366,1.34544001157925
"366","PLKO082237",29.3392,53.9451,3051.74,26.3631,27.9336,2052.14,34.3924,25.6921,23.3081,30.31,0.967970966677664,1.77977895084131,0.869782250082481,0.921596832728472,1.13468822170901,0.847644341801386,0.768990432200594,1.48710126989387
"367","PLKO082242",32.4086,64.3692,3054.75,35.3028,32.1032,2047.41,31.0324,36.7016,31.458,33.44,0.969156698564593,1.92491626794258,1.05570574162679,0.960023923444976,0.928002392344498,1.09753588516746,0.94072966507177,1.49200697466555
"368","PLKO082243",28.137,124.142,2476.89,28.8405,33.4093,1756.79,34.4907,33.6076,31.6507,31.87,0.882867900847192,3.89526200188265,0.904941951678695,1.04829934107311,1.08223093818638,1.05452149356762,0.993118920614998,1.4098953204424
"369","PLNA082247",30.1918,76.1565,2591.88,27.0905,25.1899,1959.93,25.8194,24.9877,23.939,26.2,1.15235877862595,2.90673664122137,1.03398854961832,0.961446564885496,0.985473282442748,0.953729007633588,0.913702290076336,1.32243498492293
"370","PLNA082249",29.9562,57.2174,1718.91,27.358,27.8693,1222.33,32.2685,41.906,25.9226,30.46,0.983460275771504,1.87844386080105,0.898161523309258,0.91494747209455,1.05937294812869,1.37577150361129,0.851037426132633,1.40625690280039
"371","PLRA082254",27.3672,114.991,2943.81,26.3681,28.9409,2116.93,31.4155,34.9441,23.4876,31.08,0.880540540540541,3.69983912483913,0.848394465894466,0.931174388674389,1.01079472329472,1.12432754182754,0.755714285714286,1.3906033737535
"372","PLRA082257",24.8002,92.2386,2494.5,22.1093,28.3016,1882.72,28.9988,24.6989,29.626,26.86,0.92331347728965,3.43405063291139,0.82313104988831,1.05367088607595,1.07962769918094,0.919542069992554,1.10297840655249,1.32494476077165
"373","PLRA082270",35.3819,153.059,3729.01,30.059,33.1892,2737.56,35.6308,33.6907,31.8781,35.58,0.994432265317594,4.30182686902754,0.844828555368184,0.932804946599213,1.00142776840922,0.946899943788645,0.895955593029792,1.36216557810605
"374","PLRA092320",21,54.062,1967.8,22.093,21.9198,1554.53,20.5058,23.8338,17.3921,22.24,0.944244604316547,2.43084532374101,0.993390287769784,0.985602517985611,0.922023381294964,1.07166366906475,0.782018884892086,1.26584884177211
"375","PLRA092321",25.9939,48.1122,3395.9,24.6734,21.2753,2740.29,21.5799,24.3392,21.1499,25.7,1.01143579766537,1.87207003891051,0.960054474708171,0.827832684824903,0.839684824902724,0.947050583657588,0.822953307392996,1.23924840071671
"376","PLRA092322",21.3563,76.8653,2546.51,20.8153,19.5335,2048.51,20.6366,23.1962,21.4119,20.75,1.02921927710843,3.70435180722892,1.00314698795181,0.941373493975904,0.994534939759036,1.11788915662651,1.03189879518072,1.24310352402478
"377","PLSK082271",36.3752,99.4335,3687.76,35.7261,35.3285,2615.65,37.1238,40.312,29.9325,36.39,0.999593294861226,2.73244023083265,0.981755976916735,0.970829898323715,1.02016488046167,1.10777686177521,0.822547403132729,1.40988282071378
"378","PLSK082274",39.1352,101.709,3812.85,31.799,34.2063,2704.6,36.5602,35.609,32.2273,36.15,1.08257814661134,2.81352697095436,0.879640387275242,0.946232365145228,1.01134716459198,0.985034578146611,0.891488243430152,1.40976484507875
"379","PLSK082276",33.8678,68.9386,3036.81,29.5704,37.68,2399.83,38.4329,42.2193,36.486,33.95,0.997578792341679,2.03059204712813,0.87099852724595,1.10986745213549,1.1320441826215,1.24357290132548,1.07469808541973,1.26542713442202
"380","PLSK092301",30.2984,79.2841,3069.89,29.3769,31.3075,2303.94,31.1979,33.252,33.0214,31.19,0.971413914716255,2.54197178582879,0.941869188842578,1.00376723308753,1.00025328630971,1.06611093299134,1.05871753767233,1.33245223399915
"381","PLSK092305",25.4318,86.2333,2810.69,16.549,20.6629,2256.11,29.0764,20.8529,20.1829,23.47,1.08358755858543,3.67419258628036,0.705112910097997,0.880396250532595,1.23887515977844,0.888491691521091,0.859944610140605,1.24581248254739
"382","PLSM082283",34.3971,153.569,3460.11,33.6734,31.7431,2533.83,38.2847,29.1063,34.5618,33.46,1.02800657501494,4.58962940824865,1.00637776449492,0.948687985654513,1.14419306634788,0.869883442916916,1.03292887029289,1.36556517209126
"383","PLSM082285",32.6711,96.9285,2828.56,29.294,31.8955,2095.64,36.6285,35.391,30.2669,33.41,0.977883867105657,2.90118228075427,0.876803352289734,0.954669260700389,1.09633343310386,1.05929362466327,0.90592337623466,1.34973564161784
"384","PLSM082286",25.6638,76.9149,3472.5,26.7726,28.4422,2684.38,33.2535,26.3774,18.3789,28.97,0.885875043148084,2.65498446668968,0.924149119779082,0.981781152916811,1.14785985502244,0.910507421470487,0.63441146013117,1.29359479656382
"385","PLSM092311",29.3465,139.298,3574.22,32.9146,38.6255,2776.65,35.8333,31.564,31.4547,32.78,0.895256253813301,4.24948139109213,1.00410616229408,1.17832519829164,1.0931452104942,0.962904209884076,0.959569859670531,1.28724182017899
"386","POL_1",43.1096,214.088,7781.17,50.3379,43.3219,5957.55,48.4213,47.297,42.911,45.92,0.938797909407665,4.66219512195122,1.09620862369338,0.943421167247387,1.05447081881533,1.02998693379791,0.934472996515679,1.30610234072731
"387","POL_3",33.5981,163.742,4735.08,34.4937,33.774,3433.41,42.6377,39.3692,29.4366,35.58,0.94429735806633,4.60207982012366,0.969468802698145,0.949241146711636,1.19836143901068,1.10649803260259,0.827335581787521,1.37911871870822
"388","POL_5",46.9397,225.36,7051.36,49.0415,50.3476,5514.39,48.6389,48.6921,36.2471,48.82,0.961485047111839,4.61614092585006,1.00453707496927,1.03129045473167,0.996290454731667,0.997380172060631,0.742464154035231,1.27871985840682
"389","POL_6",40.852,154.975,6900.81,42.495,39.3469,5358.03,50.2384,45.5014,37.9951,41.99,0.972898309121219,3.69075970469159,1.01202667301739,0.937054060490593,1.19643724696356,1.08362467254108,0.904860681114551,1.28793791748087
"390","PTOD042301",22.5396,18.7974,1804.71,18.1696,21.2378,1400.73,23.7616,18.7411,24.3163,22.06,1.02174070716228,0.852103354487761,0.823644605621034,0.962728921124207,1.07713508612874,0.849551223934723,1.10228014505893,1.28840675933263
"391","ROGT052201",41.2186,229.884,5629.59,34.5779,42.7687,3919.84,40.6887,47.3569,33.6343,40.27,1.02355599702011,5.70856717159175,0.858651601688602,1.06204867146759,1.01039731810281,1.17598460392352,0.835219766575615,1.43617851749051
"392","ROGT052209",44.0956,119.539,3119.16,38.8467,48.4271,2478.45,52.838,41.8624,29.6079,43.63,1.01067155626862,2.73983497593399,0.890366720146688,1.10994957597983,1.21104744441898,0.959486591794637,0.678613339445336,1.25851237668704
"393","ROLV052202",35.3806,64.215,3664.71,34.0842,33.9481,2603.91,43.3252,28.5572,31.1779,32.75,1.08032366412214,1.96076335877863,1.04073893129771,1.03658320610687,1.32290687022901,0.871975572519084,0.951996946564886,1.40738735209742
"394","ROLV052206",38.1705,144.418,5997.82,36.2374,41.0007,4359.64,38.6447,40.158,38.8913,37.46,1.01896689802456,3.8552589428724,0.967362520021356,1.09451948745328,1.03162573411639,1.07202349172451,1.03820875600641,1.37576038388491
"395","ROLV052209",36.5737,98.0673,5366.98,35.9535,29.5788,4041.78,40.3472,43.2507,31.1779,36.31,1.00726246213164,2.70083448085927,0.990181768107959,0.81461856237951,1.11118700082622,1.19115119801708,0.85865877168824,1.32787534205226
"396","SEAB072243",27.0585,108.923,2875.48,27.8894,25.6636,1947.21,36.4178,26.9755,30.7792,29.54,0.915995260663507,3.68730534867976,0.944123222748815,0.868774542992552,1.23283006093433,0.913185511171293,1.04194989844279,1.47671797084033
"397","SEAB072246",30.1523,79.5381,2624.06,28.9962,33.3607,1924.25,31.0891,33.6962,30.9028,31.25,0.9648736,2.5452192,0.9278784,1.0675424,0.9948512,1.0782784,0.9888896,1.36367935559309
"398","SEUP072201",27.6918,99.1223,2767.74,23.9008,28.542,1993.88,26.3345,23.3106,18.944,26.85,1.03135195530726,3.69170577281192,0.890160148975791,1.06301675977654,0.980800744878957,0.868178770949721,0.705549348230912,1.38811763997833
"399","SEUP072203",32.3727,116.573,1621.29,27.4196,34.0131,1086.79,33.9132,23.2234,36.168,32.87,0.984870702768482,3.54648615759051,0.834183145725586,1.03477639184667,1.03173714633404,0.706522665044113,1.10033465165805,1.49181534611102
"400","SEUP072204",35.6577,122.598,4195.81,30.206,33.3771,2978.05,32.6146,33.2289,32.6376,33.38,1.06823547034152,3.67279808268424,0.904913121629718,0.999913121629718,0.9770701018574,0.995473337327741,0.977759137207909,1.40891187186246
"401","TRSA062307",22.1169,79.3461,1800.85,21.9008,23.4139,1398.49,23.9653,20.0531,21.7216,23.87,0.926556346878928,3.32409300377042,0.917503142019271,0.980892333472979,1.00399245915375,0.840096355257646,0.909995810640972,1.28771031612668
"402","TRSA062309",27.1011,73.567,2463.24,24.3982,29.6445,1840.89,29.5833,22.7084,22.2702,26.46,1.02422902494331,2.78030990173847,0.922078609221466,1.1203514739229,1.11803854875283,0.858216175359032,0.841655328798186,1.33807017257957
"403","TRSA062310",24.7546,93.7773,2028.69,25.0101,24.4947,1554.42,21.1806,23.8392,19.911,24.71,1.00180493727236,3.79511533791987,1.01214488061514,0.991286928369081,0.857167138810198,0.964759206798867,0.805787130716309,1.305110587872
"404","TUR_1a",35.4062,97.3727,5002.36,32.3065,31.6367,4126.77,31.4259,30.9251,26.7562,33.22,1.06580975316075,2.93114689945816,0.972501505117399,0.95233895243829,0.945993377483444,0.930918121613486,0.805424443106562,1.21217320083261
"405","TUR_1b",27.9135,92.0762,3431.52,23.4058,24.1899,3083.54,26.9907,27.9033,26.2059,25.35,1.10112426035503,3.63219723865878,0.923305719921104,0.954236686390532,1.06472189349112,1.10072189349112,1.03376331360947,1.1128508143238
"406","TUR_1c",29.7503,97.8819,5549.13,34.8894,33.09,4630,37.934,28.3706,23.3937,32.79,0.907297956694114,2.98511436413541,1.06402561756633,1.00914913083257,1.15687709667582,0.86522110399512,0.713440073193047,1.1985161987041
"407","UKCA042302",25.0274,61.3798,2518.11,26.1771,24.3003,1808.63,28.9433,22.4196,26.5206,24.05,1.04064033264033,2.55217463617464,1.08844490644491,1.01040748440748,1.20346361746362,0.9322079002079,1.10272765072765,1.39227481574451
"408","UKCA042310",19.2266,73.1004,2459.64,17.093,22.1032,1814.21,25.6192,18.0245,19.682,20.29,0.947589945786102,3.60277969443075,0.842434696895022,1.08936421882701,1.26265155248891,0.888344011828487,0.970034499753573,1.35576366572778
"409","UKCA042316",20.0378,59.987,2546.86,22.9887,20.9264,1858.1,24.9965,17.6172,21.5041,21.8,0.919165137614679,2.75169724770642,1.05452752293578,0.959926605504587,1.14662844036697,0.808128440366973,0.986426605504587,1.37067972660244
"410","UKCA042327",20.7089,83.8517,2215.7,19.5992,14.1912,1614.15,20.2303,18.9169,20.425,22.02,0.940458673932788,3.80797910990009,0.890063578564941,0.644468664850136,0.918723887375114,0.859078110808356,0.927565849227975,1.37267292382988
"411","UKCA092201",26.9939,70.1955,2699.46,27.3455,26.3699,1940.73,23.2975,27.3515,22.2125,27.42,0.984460247994165,2.56001094091904,0.997283005105762,0.961703136396791,0.849653537563822,0.997501823486506,0.810083880379285,1.3909508277813
"412","UKCA092202",33.3076,144.929,2429.81,33.9196,31.2175,1742.43,34.0752,37.2057,29.7595,33.33,0.999327932793279,4.34830483048305,1.0176897689769,0.936618661866187,1.02235823582358,1.11628262826283,0.892874287428743,1.39449504427725
"413","UKCA092203",33.0542,151.126,3589.73,33.2852,32.0401,2574.72,29.6562,27.7343,32.369,33.85,0.976490398818316,4.46457902511078,0.983314623338257,0.946531757754801,0.87610635155096,0.819329394387001,0.956248153618907,1.39422150758141
"414","UKCA092204",27.1419,82.3166,3279.84,26.0465,27.0072,2262.98,27.4699,30.6512,24.2241,29.03,0.934960385807785,2.83557009989666,0.897227006544954,0.930320358250086,0.946259042369962,1.05584567688598,0.83445056837754,1.4493455532086
"415","UKCA092205",30.6328,175.231,2819.99,34.5239,35.5677,2036.78,33.7778,24.0136,28.285,33.66,0.910065359477124,5.20591206179442,1.02566547831254,1.05667557932264,1.00349970291147,0.713416518122401,0.840314913844326,1.38453343021829
